date,site,meal,day_of_week,weather,event,requested_quantity,actual_received,actual_consumed,vendor,delivery_delay_min,delivery_variance,wastage_quantity,delivery_accuracy_pct,wastage_pct,day_num
2026-05-01,Site A,Breakfast,Friday,Hot,0,583,557,551,Vendor A,7,26,6,95.54030874785592,1.0771992818671454,4
2026-05-01,Site A,Lunch,Friday,Hot,0,854,843,843,Vendor A,7,11,0,98.711943793911,0.0,4
2026-05-01,Site A,Dinner,Friday,Hot,0,768,711,711,Vendor B,10,57,0,92.578125,0.0,4
2026-05-01,Site B,Breakfast,Friday,Hot,0,393,357,357,Vendor C,6,36,0,90.83969465648855,0.0,4
2026-05-01,Site B,Lunch,Friday,Hot,0,679,666,654,Vendor A,13,13,12,98.08541973490426,1.8018018018018018,4
2026-05-01,Site B,Dinner,Friday,Hot,0,547,523,523,Vendor B,7,24,0,95.61243144424132,0.0,4
2026-05-01,Site C,Breakfast,Friday,Hot,0,602,592,575,Vendor A,5,10,17,98.33887043189368,2.871621621621622,4
2026-05-01,Site C,Lunch,Friday,Hot,0,1001,871,871,Vendor B,30,130,0,87.01298701298701,0.0,4
2026-05-01,Site C,Dinner,Friday,Hot,0,804,776,776,Vendor A,6,28,0,96.51741293532339,0.0,4
2026-05-01,Site D,Breakfast,Friday,Hot,0,318,297,297,Vendor B,7,21,0,93.39622641509435,0.0,4
2026-05-01,Site D,Lunch,Friday,Hot,0,546,529,519,Vendor A,10,17,10,96.88644688644689,1.890359168241966,4
2026-05-01,Site D,Dinner,Friday,Hot,0,411,404,404,Vendor A,7,7,0,98.29683698296837,0.0,4
2026-05-01,Site E,Breakfast,Friday,Hot,0,460,430,430,Vendor B,8,30,0,93.47826086956522,0.0,4
2026-05-01,Site E,Lunch,Friday,Hot,0,729,691,691,Vendor B,6,38,0,94.78737997256516,0.0,4
2026-05-01,Site E,Dinner,Friday,Hot,0,686,668,659,Vendor A,6,18,9,97.37609329446065,1.347305389221557,4
2026-05-02,Site A,Breakfast,Saturday,Normal,0,388,348,348,Vendor C,4,40,0,89.69072164948454,0.0,5
2026-05-02,Site A,Lunch,Saturday,Normal,0,696,676,662,Vendor A,2,20,14,97.12643678160919,2.0710059171597637,5
2026-05-02,Site A,Dinner,Saturday,Normal,0,592,579,579,Vendor A,3,13,0,97.80405405405406,0.0,5
2026-05-02,Site B,Breakfast,Saturday,Normal,0,313,305,305,Vendor A,10,8,0,97.44408945686901,0.0,5
2026-05-02,Site B,Lunch,Saturday,Normal,0,492,490,477,Vendor A,8,2,13,99.59349593495935,2.6530612244897958,5
2026-05-02,Site B,Dinner,Saturday,Normal,0,461,443,443,Vendor A,4,18,0,96.09544468546638,0.0,5
2026-05-02,Site C,Breakfast,Saturday,Normal,0,489,438,438,Vendor C,6,51,0,89.57055214723927,0.0,5
2026-05-02,Site C,Lunch,Saturday,Normal,0,926,829,822,Vendor C,0,97,7,89.52483801295897,0.8443908323281062,5
2026-05-02,Site C,Dinner,Saturday,Normal,0,647,629,629,Vendor A,8,18,0,97.21792890262752,0.0,5
2026-05-02,Site D,Breakfast,Saturday,Normal,0,239,231,231,Vendor A,5,8,0,96.65271966527197,0.0,5
2026-05-02,Site D,Lunch,Saturday,Normal,0,420,375,375,Vendor C,2,45,0,89.28571428571429,0.0,5
2026-05-02,Site D,Dinner,Saturday,Normal,0,379,340,340,Vendor C,8,39,0,89.70976253298153,0.0,5
2026-05-02,Site E,Breakfast,Saturday,Normal,0,361,331,331,Vendor C,4,30,0,91.68975069252078,0.0,5
2026-05-02,Site E,Lunch,Saturday,Normal,0,558,526,526,Vendor B,5,32,0,94.26523297491039,0.0,5
2026-05-02,Site E,Dinner,Saturday,Normal,0,552,528,528,Vendor B,6,24,0,95.65217391304348,0.0,5
2026-05-03,Site A,Breakfast,Sunday,Normal,0,388,352,352,Vendor C,4,36,0,90.72164948453609,0.0,6
2026-05-03,Site A,Lunch,Sunday,Normal,0,580,542,542,Vendor B,5,38,0,93.44827586206897,0.0,6
2026-05-03,Site A,Dinner,Sunday,Normal,0,590,581,549,Vendor A,0,9,32,98.47457627118644,5.507745266781412,6
2026-05-03,Site B,Breakfast,Sunday,Normal,0,268,260,260,Vendor A,8,8,0,97.01492537313433,0.0,6
2026-05-03,Site B,Lunch,Sunday,Normal,0,462,457,457,Vendor A,7,5,0,98.91774891774891,0.0,6
2026-05-03,Site B,Dinner,Sunday,Normal,0,400,391,391,Vendor A,6,9,0,97.75,0.0,6
2026-05-03,Site C,Breakfast,Sunday,Normal,0,444,417,417,Vendor C,2,27,0,93.91891891891892,0.0,6
2026-05-03,Site C,Lunch,Sunday,Normal,0,648,644,644,Vendor A,3,4,0,99.38271604938271,0.0,6
2026-05-03,Site C,Dinner,Sunday,Normal,0,560,522,522,Vendor B,2,38,0,93.21428571428572,0.0,6
2026-05-03,Site D,Breakfast,Sunday,Normal,0,201,192,192,Vendor A,2,9,0,95.52238805970148,0.0,6
2026-05-03,Site D,Lunch,Sunday,Normal,0,400,378,378,Vendor B,10,22,0,94.5,0.0,6
2026-05-03,Site D,Dinner,Sunday,Normal,0,329,319,313,Vendor A,5,10,6,96.96048632218846,1.8808777429467085,6
2026-05-03,Site E,Breakfast,Sunday,Normal,0,327,316,316,Vendor A,6,11,0,96.63608562691131,0.0,6
2026-05-03,Site E,Lunch,Sunday,Normal,0,549,516,516,Vendor B,3,33,0,93.98907103825137,0.0,6
2026-05-03,Site E,Dinner,Sunday,Normal,0,505,478,460,Vendor B,3,27,18,94.65346534653465,3.765690376569038,6
2026-05-04,Site A,Breakfast,Monday,Normal,0,543,480,480,Vendor C,10,63,0,88.39779005524862,0.0,0
2026-05-04,Site A,Lunch,Monday,Normal,0,769,723,723,Vendor B,6,46,0,94.01820546163849,0.0,0
2026-05-04,Site A,Dinner,Monday,Normal,0,720,627,627,Vendor C,6,93,0,87.08333333333333,0.0,0
2026-05-04,Site B,Breakfast,Monday,Normal,0,381,360,360,Vendor B,12,21,0,94.48818897637796,0.0,0
2026-05-04,Site B,Lunch,Monday,Normal,0,629,603,603,Vendor A,6,26,0,95.86645468998411,0.0,0
2026-05-04,Site B,Dinner,Monday,Normal,0,586,575,540,Vendor A,12,11,35,98.12286689419795,6.086956521739131,0
2026-05-04,Site C,Breakfast,Monday,Normal,0,588,547,547,Vendor B,10,41,0,93.02721088435374,0.0,0
2026-05-04,Site C,Lunch,Monday,Normal,0,950,904,904,Vendor B,12,46,0,95.15789473684211,0.0,0
2026-05-04,Site C,Dinner,Monday,Normal,0,754,680,680,Vendor C,12,74,0,90.18567639257294,0.0,0
2026-05-04,Site D,Breakfast,Monday,Normal,0,279,267,267,Vendor A,5,12,0,95.6989247311828,0.0,0
2026-05-04,Site D,Lunch,Monday,Normal,0,487,441,441,Vendor B,8,46,0,90.55441478439425,0.0,0
2026-05-04,Site D,Dinner,Monday,Normal,0,456,425,422,Vendor B,9,31,3,93.2017543859649,0.7058823529411765,0
2026-05-04,Site E,Breakfast,Monday,Normal,0,471,455,454,Vendor A,9,16,1,96.60297239915074,0.21978021978021978,0
2026-05-04,Site E,Lunch,Monday,Normal,0,716,689,689,Vendor A,7,27,0,96.22905027932961,0.0,0
2026-05-04,Site E,Dinner,Monday,Normal,0,651,634,614,Vendor A,11,17,20,97.38863287250385,3.1545741324921135,0
2026-05-05,Site A,Breakfast,Tuesday,Cloudy,0,552,509,509,Vendor C,10,43,0,92.21014492753623,0.0,1
2026-05-05,Site A,Lunch,Tuesday,Cloudy,0,940,842,842,Vendor A,25,98,0,89.57446808510639,0.0,1
2026-05-05,Site A,Dinner,Tuesday,Cloudy,0,670,645,645,Vendor A,8,25,0,96.26865671641791,0.0,1
2026-05-05,Site B,Breakfast,Tuesday,Cloudy,0,381,347,347,Vendor C,6,34,0,91.0761154855643,0.0,1
2026-05-05,Site B,Lunch,Tuesday,Cloudy,0,661,647,642,Vendor A,9,14,5,97.88199697428139,0.7727975270479135,1
2026-05-05,Site B,Dinner,Tuesday,Cloudy,0,560,467,467,Vendor A,19,93,0,83.39285714285715,0.0,1
2026-05-05,Site C,Breakfast,Tuesday,Cloudy,0,519,488,488,Vendor A,5,31,0,94.02697495183044,0.0,1
2026-05-05,Site C,Lunch,Tuesday,Cloudy,0,956,918,918,Vendor B,7,38,0,96.02510460251045,0.0,1
2026-05-05,Site C,Dinner,Tuesday,Cloudy,0,881,817,817,Vendor B,5,64,0,92.7355278093076,0.0,1
2026-05-05,Site D,Breakfast,Tuesday,Cloudy,0,295,285,285,Vendor B,3,10,0,96.61016949152543,0.0,1
2026-05-05,Site D,Lunch,Tuesday,Cloudy,0,486,429,429,Vendor C,10,57,0,88.27160493827161,0.0,1
2026-05-05,Site D,Dinner,Tuesday,Cloudy,0,415,407,407,Vendor A,6,8,0,98.0722891566265,0.0,1
2026-05-05,Site E,Breakfast,Tuesday,Cloudy,0,482,459,450,Vendor A,10,23,9,95.22821576763485,1.9607843137254901,1
2026-05-05,Site E,Lunch,Tuesday,Cloudy,0,779,736,736,Vendor B,13,43,0,94.4801026957638,0.0,1
2026-05-05,Site E,Dinner,Tuesday,Cloudy,0,649,625,625,Vendor A,8,24,0,96.3020030816641,0.0,1
2026-05-06,Site A,Breakfast,Wednesday,Normal,0,458,443,443,Vendor A,6,15,0,96.72489082969432,0.0,2
2026-05-06,Site A,Lunch,Wednesday,Normal,0,870,812,812,Vendor B,6,58,0,93.33333333333333,0.0,2
2026-05-06,Site A,Dinner,Wednesday,Normal,0,767,708,708,Vendor B,7,59,0,92.3076923076923,0.0,2
2026-05-06,Site B,Breakfast,Wednesday,Normal,0,419,385,385,Vendor C,7,34,0,91.8854415274463,0.0,2
2026-05-06,Site B,Lunch,Wednesday,Normal,0,624,574,574,Vendor C,10,50,0,91.98717948717949,0.0,2
2026-05-06,Site B,Dinner,Wednesday,Normal,0,562,515,515,Vendor A,10,47,0,91.63701067615658,0.0,2
2026-05-06,Site C,Breakfast,Wednesday,Normal,0,582,561,543,Vendor A,2,21,18,96.3917525773196,3.2085561497326207,2
2026-05-06,Site C,Lunch,Wednesday,Normal,0,1015,946,915,Vendor B,8,69,31,93.20197044334975,3.276955602536998,2
2026-05-06,Site C,Dinner,Wednesday,Normal,0,838,827,815,Vendor A,8,11,12,98.68735083532219,1.4510278113663846,2
2026-05-06,Site D,Breakfast,Wednesday,Normal,0,311,278,278,Vendor C,4,33,0,89.38906752411575,0.0,2
2026-05-06,Site D,Lunch,Wednesday,Normal,0,521,519,485,Vendor A,7,2,34,99.61612284069098,6.551059730250482,2
2026-05-06,Site D,Dinner,Wednesday,Normal,0,467,452,452,Vendor A,8,15,0,96.78800856531049,0.0,2
2026-05-06,Site E,Breakfast,Wednesday,Normal,0,458,414,414,Vendor B,5,44,0,90.39301310043668,0.0,2
2026-05-06,Site E,Lunch,Wednesday,Normal,0,710,665,665,Vendor B,7,45,0,93.66197183098592,0.0,2
2026-05-06,Site E,Dinner,Wednesday,Normal,0,630,618,600,Vendor A,9,12,18,98.09523809523809,2.912621359223301,2
2026-05-07,Site A,Breakfast,Thursday,Cloudy,0,516,460,460,Vendor C,4,56,0,89.14728682170544,0.0,3
2026-05-07,Site A,Lunch,Thursday,Cloudy,0,880,813,813,Vendor A,28,67,0,92.38636363636363,0.0,3
2026-05-07,Site A,Dinner,Thursday,Cloudy,0,731,716,716,Vendor A,4,15,0,97.94801641586868,0.0,3
2026-05-07,Site B,Breakfast,Thursday,Cloudy,0,390,365,364,Vendor B,8,25,1,93.58974358974359,0.273972602739726,3
2026-05-07,Site B,Lunch,Thursday,Cloudy,0,605,557,557,Vendor C,13,48,0,92.06611570247934,0.0,3
2026-05-07,Site B,Dinner,Thursday,Cloudy,0,550,490,490,Vendor C,8,60,0,89.0909090909091,0.0,3
2026-05-07,Site C,Breakfast,Thursday,Cloudy,0,533,497,497,Vendor B,9,36,0,93.24577861163228,0.0,3
2026-05-07,Site C,Lunch,Thursday,Cloudy,0,910,873,872,Vendor B,5,37,1,95.93406593406594,0.11454753722794961,3
2026-05-07,Site C,Dinner,Thursday,Cloudy,0,898,853,853,Vendor A,9,45,0,94.98886414253897,0.0,3
2026-05-07,Site D,Breakfast,Thursday,Cloudy,0,302,280,280,Vendor B,3,22,0,92.71523178807946,0.0,3
2026-05-07,Site D,Lunch,Thursday,Cloudy,0,502,469,469,Vendor B,7,33,0,93.42629482071713,0.0,3
2026-05-07,Site D,Dinner,Thursday,Cloudy,0,441,427,423,Vendor A,11,14,4,96.82539682539682,0.936768149882904,3
2026-05-07,Site E,Breakfast,Thursday,Cloudy,0,431,390,390,Vendor C,1,41,0,90.48723897911833,0.0,3
2026-05-07,Site E,Lunch,Thursday,Cloudy,0,725,713,712,Vendor A,9,12,1,98.34482758620689,0.1402524544179523,3
2026-05-07,Site E,Dinner,Thursday,Cloudy,0,718,696,655,Vendor A,7,22,41,96.93593314763231,5.890804597701149,3
2026-05-08,Site A,Breakfast,Friday,Cloudy,0,532,499,499,Vendor C,6,33,0,93.796992481203,0.0,4
2026-05-08,Site A,Lunch,Friday,Cloudy,0,897,863,858,Vendor A,8,34,5,96.20958751393533,0.5793742757821553,4
2026-05-08,Site A,Dinner,Friday,Cloudy,0,756,700,700,Vendor B,6,56,0,92.5925925925926,0.0,4
2026-05-08,Site B,Breakfast,Friday,Cloudy,0,373,337,337,Vendor C,0,36,0,90.3485254691689,0.0,4
2026-05-08,Site B,Lunch,Friday,Cloudy,0,680,672,672,Vendor A,8,8,0,98.82352941176471,0.0,4
2026-05-08,Site B,Dinner,Friday,Cloudy,0,626,587,587,Vendor B,9,39,0,93.76996805111821,0.0,4
2026-05-08,Site C,Breakfast,Friday,Cloudy,0,668,603,603,Vendor C,6,65,0,90.26946107784431,0.0,4
2026-05-08,Site C,Lunch,Friday,Cloudy,0,1131,1056,1050,Vendor B,8,75,6,93.36870026525199,0.5681818181818182,4
2026-05-08,Site C,Dinner,Friday,Cloudy,0,880,848,848,Vendor A,0,32,0,96.36363636363636,0.0,4
2026-05-08,Site D,Breakfast,Friday,Cloudy,0,320,311,311,Vendor A,4,9,0,97.1875,0.0,4
2026-05-08,Site D,Lunch,Friday,Cloudy,0,549,540,540,Vendor A,6,9,0,98.36065573770492,0.0,4
2026-05-08,Site D,Dinner,Friday,Cloudy,0,488,444,444,Vendor C,6,44,0,90.98360655737704,0.0,4
2026-05-08,Site E,Breakfast,Friday,Cloudy,0,466,431,431,Vendor B,7,35,0,92.4892703862661,0.0,4
2026-05-08,Site E,Lunch,Friday,Cloudy,0,673,647,647,Vendor B,8,26,0,96.13670133729569,0.0,4
2026-05-08,Site E,Dinner,Friday,Cloudy,0,635,597,597,Vendor B,9,38,0,94.01574803149606,0.0,4
2026-05-09,Site A,Breakfast,Saturday,Cloudy,1,510,480,480,Vendor A,8,30,0,94.11764705882352,0.0,5
2026-05-09,Site A,Lunch,Saturday,Cloudy,1,691,683,683,Vendor A,10,8,0,98.84225759768451,0.0,5
2026-05-09,Site A,Dinner,Saturday,Cloudy,1,649,630,630,Vendor A,2,19,0,97.07241910631741,0.0,5
2026-05-09,Site B,Breakfast,Saturday,Cloudy,1,400,369,369,Vendor C,7,31,0,92.25,0.0,5
2026-05-09,Site B,Lunch,Saturday,Cloudy,1,621,611,593,Vendor A,6,10,18,98.38969404186795,2.9459901800327333,5
2026-05-09,Site B,Dinner,Saturday,Cloudy,1,499,482,482,Vendor B,10,17,0,96.59318637274549,0.0,5
2026-05-09,Site C,Breakfast,Saturday,Cloudy,1,569,557,531,Vendor A,2,12,26,97.89103690685414,4.66786355475763,5
2026-05-09,Site C,Lunch,Saturday,Cloudy,1,832,810,810,Vendor A,10,22,0,97.35576923076923,0.0,5
2026-05-09,Site C,Dinner,Saturday,Cloudy,1,770,698,698,Vendor C,2,72,0,90.64935064935065,0.0,5
2026-05-09,Site D,Breakfast,Saturday,Cloudy,1,260,231,231,Vendor A,15,29,0,88.84615384615384,0.0,5
2026-05-09,Site D,Lunch,Saturday,Cloudy,1,491,473,463,Vendor A,2,18,10,96.33401221995926,2.1141649048625792,5
2026-05-09,Site D,Dinner,Saturday,Cloudy,1,423,397,395,Vendor B,1,26,2,93.85342789598108,0.5037783375314862,5
2026-05-09,Site E,Breakfast,Saturday,Cloudy,1,410,387,387,Vendor B,3,23,0,94.39024390243902,0.0,5
2026-05-09,Site E,Lunch,Saturday,Cloudy,1,660,623,623,Vendor B,2,37,0,94.39393939393939,0.0,5
2026-05-09,Site E,Dinner,Saturday,Cloudy,1,594,542,542,Vendor B,5,52,0,91.24579124579124,0.0,5
2026-05-10,Site A,Breakfast,Sunday,Normal,0,348,321,321,Vendor B,4,27,0,92.24137931034483,0.0,6
2026-05-10,Site A,Lunch,Sunday,Normal,0,598,600,590,Vendor A,4,-2,10,100.33444816053512,1.6666666666666667,6
2026-05-10,Site A,Dinner,Sunday,Normal,0,589,537,537,Vendor C,6,52,0,91.17147707979628,0.0,6
2026-05-10,Site B,Breakfast,Sunday,Normal,0,295,276,276,Vendor B,4,19,0,93.55932203389831,0.0,6
2026-05-10,Site B,Lunch,Sunday,Normal,0,474,465,458,Vendor A,6,9,7,98.10126582278481,1.5053763440860215,6
2026-05-10,Site B,Dinner,Sunday,Normal,0,411,400,400,Vendor A,5,11,0,97.32360097323601,0.0,6
2026-05-10,Site C,Breakfast,Sunday,Normal,0,434,404,404,Vendor B,5,30,0,93.08755760368663,0.0,6
2026-05-10,Site C,Lunch,Sunday,Normal,0,692,631,631,Vendor B,0,61,0,91.1849710982659,0.0,6
2026-05-10,Site C,Dinner,Sunday,Normal,0,614,561,561,Vendor C,8,53,0,91.36807817589576,0.0,6
2026-05-10,Site D,Breakfast,Sunday,Normal,0,208,207,207,Vendor A,4,1,0,99.51923076923077,0.0,6
2026-05-10,Site D,Lunch,Sunday,Normal,0,331,309,309,Vendor B,5,22,0,93.35347432024169,0.0,6
2026-05-10,Site D,Dinner,Sunday,Normal,0,332,314,314,Vendor B,0,18,0,94.57831325301204,0.0,6
2026-05-10,Site E,Breakfast,Sunday,Normal,0,333,322,322,Vendor A,11,11,0,96.69669669669669,0.0,6
2026-05-10,Site E,Lunch,Sunday,Normal,0,509,457,457,Vendor C,6,52,0,89.78388998035363,0.0,6
2026-05-10,Site E,Dinner,Sunday,Normal,0,476,443,443,Vendor C,7,33,0,93.0672268907563,0.0,6
2026-05-11,Site A,Breakfast,Monday,Normal,0,493,462,462,Vendor B,13,31,0,93.71196754563894,0.0,0
2026-05-11,Site A,Lunch,Monday,Normal,0,833,812,812,Vendor A,8,21,0,97.47899159663865,0.0,0
2026-05-11,Site A,Dinner,Monday,Normal,0,787,631,631,Vendor B,17,156,0,80.17789072426937,0.0,0
2026-05-11,Site B,Breakfast,Monday,Normal,0,401,379,379,Vendor B,6,22,0,94.51371571072319,0.0,0
2026-05-11,Site B,Lunch,Monday,Normal,0,539,493,493,Vendor B,8,46,0,91.4656771799629,0.0,0
2026-05-11,Site B,Dinner,Monday,Normal,0,499,483,483,Vendor A,14,16,0,96.79358717434869,0.0,0
2026-05-11,Site C,Breakfast,Monday,Normal,0,615,517,517,Vendor C,30,98,0,84.0650406504065,0.0,0
2026-05-11,Site C,Lunch,Monday,Normal,0,890,868,868,Vendor A,6,22,0,97.52808988764045,0.0,0
2026-05-11,Site C,Dinner,Monday,Normal,0,838,804,801,Vendor A,10,34,3,95.94272076372316,0.3731343283582089,0
2026-05-11,Site D,Breakfast,Monday,Normal,0,284,252,252,Vendor C,8,32,0,88.73239436619718,0.0,0
2026-05-11,Site D,Lunch,Monday,Normal,0,501,491,478,Vendor A,6,10,13,98.00399201596807,2.6476578411405294,0
2026-05-11,Site D,Dinner,Monday,Normal,0,463,461,430,Vendor A,7,2,31,99.56803455723542,6.724511930585683,0
2026-05-11,Site E,Breakfast,Monday,Normal,0,453,418,418,Vendor C,7,35,0,92.27373068432672,0.0,0
2026-05-11,Site E,Lunch,Monday,Normal,0,705,691,673,Vendor A,9,14,18,98.01418439716312,2.6049204052098407,0
2026-05-11,Site E,Dinner,Monday,Normal,0,648,646,624,Vendor A,5,2,22,99.69135802469135,3.4055727554179565,0
2026-05-12,Site A,Breakfast,Tuesday,Normal,0,518,510,510,Vendor A,8,8,0,98.45559845559846,0.0,1
2026-05-12,Site A,Lunch,Tuesday,Normal,0,874,817,817,Vendor B,0,57,0,93.47826086956522,0.0,1
2026-05-12,Site A,Dinner,Tuesday,Normal,0,765,623,623,Vendor C,24,142,0,81.43790849673202,0.0,1
2026-05-12,Site B,Breakfast,Tuesday,Normal,0,397,365,365,Vendor C,4,32,0,91.93954659949623,0.0,1
2026-05-12,Site B,Lunch,Tuesday,Normal,0,647,622,622,Vendor A,5,25,0,96.13601236476043,0.0,1
2026-05-12,Site B,Dinner,Tuesday,Normal,0,535,501,501,Vendor B,7,34,0,93.64485981308411,0.0,1
2026-05-12,Site C,Breakfast,Tuesday,Normal,0,576,545,535,Vendor B,7,31,10,94.61805555555556,1.834862385321101,1
2026-05-12,Site C,Lunch,Tuesday,Normal,0,983,808,808,Vendor C,27,175,0,82.19735503560528,0.0,1
2026-05-12,Site C,Dinner,Tuesday,Normal,0,888,863,826,Vendor A,4,25,37,97.18468468468468,4.287369640787949,1
2026-05-12,Site D,Breakfast,Tuesday,Normal,0,274,273,273,Vendor A,15,1,0,99.63503649635037,0.0,1
2026-05-12,Site D,Lunch,Tuesday,Normal,0,528,518,511,Vendor A,7,10,7,98.10606060606061,1.3513513513513513,1
2026-05-12,Site D,Dinner,Tuesday,Normal,0,405,373,373,Vendor C,6,32,0,92.09876543209876,0.0,1
2026-05-12,Site E,Breakfast,Tuesday,Normal,0,457,425,425,Vendor B,11,32,0,92.99781181619255,0.0,1
2026-05-12,Site E,Lunch,Tuesday,Normal,0,758,752,716,Vendor A,9,6,36,99.2084432717678,4.787234042553192,1
2026-05-12,Site E,Dinner,Tuesday,Normal,0,622,572,572,Vendor B,5,50,0,91.96141479099678,0.0,1
2026-05-13,Site A,Breakfast,Wednesday,Normal,0,504,459,459,Vendor C,7,45,0,91.07142857142857,0.0,2
2026-05-13,Site A,Lunch,Wednesday,Normal,0,854,838,823,Vendor A,7,16,15,98.12646370023418,1.7899761336515514,2
2026-05-13,Site A,Dinner,Wednesday,Normal,0,742,717,717,Vendor B,7,25,0,96.63072776280323,0.0,2
2026-05-13,Site B,Breakfast,Wednesday,Normal,0,347,323,323,Vendor B,11,24,0,93.0835734870317,0.0,2
2026-05-13,Site B,Lunch,Wednesday,Normal,0,676,635,635,Vendor B,7,41,0,93.93491124260355,0.0,2
2026-05-13,Site B,Dinner,Wednesday,Normal,0,468,456,456,Vendor A,9,12,0,97.43589743589743,0.0,2
2026-05-13,Site C,Breakfast,Wednesday,Normal,0,607,554,554,Vendor C,10,53,0,91.26853377265239,0.0,2
2026-05-13,Site C,Lunch,Wednesday,Normal,0,960,936,915,Vendor A,11,24,21,97.5,2.2435897435897436,2
2026-05-13,Site C,Dinner,Wednesday,Normal,0,760,711,711,Vendor B,2,49,0,93.55263157894737,0.0,2
2026-05-13,Site D,Breakfast,Wednesday,Normal,0,324,303,292,Vendor B,6,21,11,93.51851851851852,3.6303630363036308,2
2026-05-13,Site D,Lunch,Wednesday,Normal,0,457,445,445,Vendor A,2,12,0,97.3741794310722,0.0,2
2026-05-13,Site D,Dinner,Wednesday,Normal,0,450,414,414,Vendor B,10,36,0,92.0,0.0,2
2026-05-13,Site E,Breakfast,Wednesday,Normal,0,466,452,452,Vendor A,8,14,0,96.99570815450643,0.0,2
2026-05-13,Site E,Lunch,Wednesday,Normal,0,765,716,709,Vendor B,9,49,7,93.59477124183006,0.9776536312849162,2
2026-05-13,Site E,Dinner,Wednesday,Normal,0,672,647,647,Vendor B,4,25,0,96.27976190476191,0.0,2
2026-05-14,Site A,Breakfast,Thursday,Normal,0,512,494,494,Vendor A,4,18,0,96.484375,0.0,3
2026-05-14,Site A,Lunch,Thursday,Normal,0,886,861,839,Vendor A,5,25,22,97.17832957110609,2.5551684088269457,3
2026-05-14,Site A,Dinner,Thursday,Normal,0,658,607,607,Vendor B,11,51,0,92.24924012158054,0.0,3
2026-05-14,Site B,Breakfast,Thursday,Normal,0,420,377,377,Vendor C,9,43,0,89.76190476190476,0.0,3
2026-05-14,Site B,Lunch,Thursday,Normal,0,627,565,565,Vendor C,4,62,0,90.1116427432217,0.0,3
2026-05-14,Site B,Dinner,Thursday,Normal,0,564,530,530,Vendor B,9,34,0,93.97163120567376,0.0,3
2026-05-14,Site C,Breakfast,Thursday,Normal,0,659,636,616,Vendor B,5,23,20,96.50986342943855,3.1446540880503147,3
2026-05-14,Site C,Lunch,Thursday,Normal,0,942,855,855,Vendor C,2,87,0,90.76433121019109,0.0,3
2026-05-14,Site C,Dinner,Thursday,Normal,0,871,809,809,Vendor B,5,62,0,92.8817451205511,0.0,3
2026-05-14,Site D,Breakfast,Thursday,Normal,0,326,323,300,Vendor A,7,3,23,99.079754601227,7.120743034055728,3
2026-05-14,Site D,Lunch,Thursday,Normal,0,486,468,468,Vendor A,9,18,0,96.29629629629629,0.0,3
2026-05-14,Site D,Dinner,Thursday,Normal,0,473,428,428,Vendor C,8,45,0,90.48625792811839,0.0,3
2026-05-14,Site E,Breakfast,Thursday,Normal,0,441,417,417,Vendor B,6,24,0,94.5578231292517,0.0,3
2026-05-14,Site E,Lunch,Thursday,Normal,0,609,573,573,Vendor B,8,36,0,94.08866995073892,0.0,3
2026-05-14,Site E,Dinner,Thursday,Normal,0,681,642,622,Vendor B,6,39,20,94.27312775330397,3.115264797507788,3
2026-05-15,Site A,Breakfast,Friday,Normal,0,553,494,494,Vendor C,4,59,0,89.33092224231464,0.0,4
2026-05-15,Site A,Lunch,Friday,Normal,0,840,786,786,Vendor B,0,54,0,93.57142857142857,0.0,4
2026-05-15,Site A,Dinner,Friday,Normal,0,764,731,731,Vendor A,9,33,0,95.68062827225131,0.0,4
2026-05-15,Site B,Breakfast,Friday,Normal,0,435,395,395,Vendor C,8,40,0,90.80459770114942,0.0,4
2026-05-15,Site B,Lunch,Friday,Normal,0,693,651,651,Vendor B,2,42,0,93.93939393939394,0.0,4
2026-05-15,Site B,Dinner,Friday,Normal,0,626,609,605,Vendor A,9,17,4,97.28434504792332,0.6568144499178982,4
2026-05-15,Site C,Breakfast,Friday,Normal,0,619,607,586,Vendor A,13,12,21,98.06138933764136,3.459637561779242,4
2026-05-15,Site C,Lunch,Friday,Normal,0,1146,961,961,Vendor B,22,185,0,83.85689354275742,0.0,4
2026-05-15,Site C,Dinner,Friday,Normal,0,1000,954,954,Vendor B,7,46,0,95.39999999999999,0.0,4
2026-05-15,Site D,Breakfast,Friday,Normal,0,323,318,318,Vendor A,13,5,0,98.45201238390094,0.0,4
2026-05-15,Site D,Lunch,Friday,Normal,0,514,481,481,Vendor B,6,33,0,93.57976653696498,0.0,4
2026-05-15,Site D,Dinner,Friday,Normal,0,444,435,421,Vendor A,4,9,14,97.97297297297297,3.218390804597701,4
2026-05-15,Site E,Breakfast,Friday,Normal,0,524,483,483,Vendor C,8,41,0,92.17557251908397,0.0,4
2026-05-15,Site E,Lunch,Friday,Normal,0,784,739,739,Vendor B,8,45,0,94.26020408163265,0.0,4
2026-05-15,Site E,Dinner,Friday,Normal,0,649,631,631,Vendor A,2,18,0,97.22650231124807,0.0,4
2026-05-16,Site A,Breakfast,Saturday,Normal,0,420,392,392,Vendor C,3,28,0,93.33333333333333,0.0,5
2026-05-16,Site A,Lunch,Saturday,Normal,0,672,653,616,Vendor A,7,19,37,97.17261904761905,5.66615620214395,5
2026-05-16,Site A,Dinner,Saturday,Normal,0,632,612,612,Vendor A,3,20,0,96.83544303797468,0.0,5
2026-05-16,Site B,Breakfast,Saturday,Normal,0,329,312,312,Vendor B,4,17,0,94.83282674772036,0.0,5
2026-05-16,Site B,Lunch,Saturday,Normal,0,497,478,465,Vendor A,12,19,13,96.17706237424547,2.7196652719665275,5
2026-05-16,Site B,Dinner,Saturday,Normal,0,471,441,441,Vendor B,6,30,0,93.63057324840764,0.0,5
2026-05-16,Site C,Breakfast,Saturday,Normal,0,469,464,464,Vendor A,7,5,0,98.93390191897655,0.0,5
2026-05-16,Site C,Lunch,Saturday,Normal,0,739,702,702,Vendor A,6,37,0,94.99323410013531,0.0,5
2026-05-16,Site C,Dinner,Saturday,Normal,0,600,574,574,Vendor B,3,26,0,95.66666666666667,0.0,5
2026-05-16,Site D,Breakfast,Saturday,Normal,0,246,232,229,Vendor B,12,14,3,94.3089430894309,1.293103448275862,5
2026-05-16,Site D,Lunch,Saturday,Normal,0,390,383,383,Vendor A,5,7,0,98.2051282051282,0.0,5
2026-05-16,Site D,Dinner,Saturday,Normal,0,377,344,344,Vendor C,10,33,0,91.24668435013263,0.0,5
2026-05-16,Site E,Breakfast,Saturday,Normal,0,371,364,364,Vendor A,8,7,0,98.11320754716981,0.0,5
2026-05-16,Site E,Lunch,Saturday,Normal,0,529,502,502,Vendor A,5,27,0,94.89603024574669,0.0,5
2026-05-16,Site E,Dinner,Saturday,Normal,0,478,434,434,Vendor C,11,44,0,90.7949790794979,0.0,5
2026-05-17,Site A,Breakfast,Sunday,Normal,0,406,371,371,Vendor C,7,35,0,91.37931034482759,0.0,6
2026-05-17,Site A,Lunch,Sunday,Normal,0,624,610,610,Vendor A,3,14,0,97.75641025641025,0.0,6
2026-05-17,Site A,Dinner,Sunday,Normal,0,519,497,497,Vendor A,6,22,0,95.76107899807322,0.0,6
2026-05-17,Site B,Breakfast,Sunday,Normal,0,288,259,259,Vendor C,9,29,0,89.93055555555556,0.0,6
2026-05-17,Site B,Lunch,Sunday,Normal,0,472,460,453,Vendor A,11,12,7,97.45762711864407,1.5217391304347827,6
2026-05-17,Site B,Dinner,Sunday,Normal,0,422,399,399,Vendor A,0,23,0,94.54976303317537,0.0,6
2026-05-17,Site C,Breakfast,Sunday,Normal,0,443,404,404,Vendor B,1,39,0,91.19638826185101,0.0,6
2026-05-17,Site C,Lunch,Sunday,Normal,0,696,598,598,Vendor B,33,98,0,85.91954022988506,0.0,6
2026-05-17,Site C,Dinner,Sunday,Normal,0,652,622,622,Vendor B,2,30,0,95.39877300613497,0.0,6
2026-05-17,Site D,Breakfast,Sunday,Normal,0,225,202,202,Vendor C,10,23,0,89.77777777777777,0.0,6
2026-05-17,Site D,Lunch,Sunday,Normal,0,386,384,374,Vendor A,4,2,10,99.48186528497409,2.604166666666667,6
2026-05-17,Site D,Dinner,Sunday,Normal,0,319,304,304,Vendor A,3,15,0,95.29780564263322,0.0,6
2026-05-17,Site E,Breakfast,Sunday,Normal,0,313,291,291,Vendor B,7,22,0,92.97124600638978,0.0,6
2026-05-17,Site E,Lunch,Sunday,Normal,0,528,508,508,Vendor A,2,20,0,96.21212121212122,0.0,6
2026-05-17,Site E,Dinner,Sunday,Normal,0,442,436,436,Vendor A,0,6,0,98.64253393665159,0.0,6
2026-05-18,Site A,Breakfast,Monday,Hot,0,471,459,459,Vendor A,10,12,0,97.45222929936305,0.0,0
2026-05-18,Site A,Lunch,Monday,Hot,0,845,801,792,Vendor B,5,44,9,94.79289940828403,1.1235955056179776,0
2026-05-18,Site A,Dinner,Monday,Hot,0,600,576,576,Vendor A,6,24,0,96.0,0.0,0
2026-05-18,Site B,Breakfast,Monday,Hot,0,343,324,324,Vendor B,8,19,0,94.46064139941691,0.0,0
2026-05-18,Site B,Lunch,Monday,Hot,0,633,594,586,Vendor B,10,39,8,93.8388625592417,1.3468013468013467,0
2026-05-18,Site B,Dinner,Monday,Hot,0,485,460,460,Vendor B,8,25,0,94.84536082474226,0.0,0
2026-05-18,Site C,Breakfast,Monday,Hot,0,552,538,533,Vendor A,7,14,5,97.46376811594203,0.929368029739777,0
2026-05-18,Site C,Lunch,Monday,Hot,0,1009,923,895,Vendor C,5,86,28,91.47670961347869,3.0335861321776814,0
2026-05-18,Site C,Dinner,Monday,Hot,0,811,793,771,Vendor A,10,18,22,97.78051787916154,2.7742749054224465,0
2026-05-18,Site D,Breakfast,Monday,Hot,0,315,281,281,Vendor C,5,34,0,89.20634920634922,0.0,0
2026-05-18,Site D,Lunch,Monday,Hot,0,472,417,417,Vendor C,10,55,0,88.34745762711864,0.0,0
2026-05-18,Site D,Dinner,Monday,Hot,0,387,338,338,Vendor C,9,49,0,87.33850129198967,0.0,0
2026-05-18,Site E,Breakfast,Monday,Hot,0,423,396,396,Vendor B,5,27,0,93.61702127659575,0.0,0
2026-05-18,Site E,Lunch,Monday,Hot,0,735,688,688,Vendor B,2,47,0,93.60544217687075,0.0,0
2026-05-18,Site E,Dinner,Monday,Hot,0,567,536,536,Vendor C,4,31,0,94.53262786596119,0.0,0
2026-05-19,Site A,Breakfast,Tuesday,Normal,0,508,464,464,Vendor C,5,44,0,91.33858267716536,0.0,1
2026-05-19,Site A,Lunch,Tuesday,Normal,0,784,762,761,Vendor A,2,22,1,97.1938775510204,0.13123359580052493,1
2026-05-19,Site A,Dinner,Tuesday,Normal,0,733,698,698,Vendor A,4,35,0,95.22510231923602,0.0,1
2026-05-19,Site B,Breakfast,Tuesday,Normal,0,400,387,387,Vendor A,8,13,0,96.75,0.0,1
2026-05-19,Site B,Lunch,Tuesday,Normal,0,638,598,598,Vendor B,3,40,0,93.73040752351098,0.0,1
2026-05-19,Site B,Dinner,Tuesday,Normal,0,531,495,495,Vendor B,14,36,0,93.22033898305084,0.0,1
2026-05-19,Site C,Breakfast,Tuesday,Normal,0,568,535,535,Vendor B,0,33,0,94.19014084507043,0.0,1
2026-05-19,Site C,Lunch,Tuesday,Normal,0,1008,963,963,Vendor B,7,45,0,95.53571428571429,0.0,1
2026-05-19,Site C,Dinner,Tuesday,Normal,0,761,730,727,Vendor A,7,31,3,95.9264126149803,0.410958904109589,1
2026-05-19,Site D,Breakfast,Tuesday,Normal,0,304,301,291,Vendor A,3,3,10,99.01315789473685,3.322259136212625,1
2026-05-19,Site D,Lunch,Tuesday,Normal,0,556,534,522,Vendor A,5,22,12,96.0431654676259,2.247191011235955,1
2026-05-19,Site D,Dinner,Tuesday,Normal,0,432,405,405,Vendor B,3,27,0,93.75,0.0,1
2026-05-19,Site E,Breakfast,Tuesday,Normal,0,442,426,426,Vendor A,7,16,0,96.38009049773756,0.0,1
2026-05-19,Site E,Lunch,Tuesday,Normal,0,779,767,747,Vendor A,5,12,20,98.45956354300385,2.607561929595828,1
2026-05-19,Site E,Dinner,Tuesday,Normal,0,630,607,607,Vendor A,5,23,0,96.34920634920636,0.0,1
2026-05-20,Site A,Breakfast,Wednesday,Normal,0,578,534,533,Vendor B,7,44,1,92.38754325259517,0.18726591760299627,2
2026-05-20,Site A,Lunch,Wednesday,Normal,0,809,776,776,Vendor A,7,33,0,95.92088998763906,0.0,2
2026-05-20,Site A,Dinner,Wednesday,Normal,0,759,708,708,Vendor B,7,51,0,93.2806324110672,0.0,2
2026-05-20,Site B,Breakfast,Wednesday,Normal,0,442,393,393,Vendor C,8,49,0,88.91402714932126,0.0,2
2026-05-20,Site B,Lunch,Wednesday,Normal,0,698,631,631,Vendor B,4,67,0,90.40114613180515,0.0,2
2026-05-20,Site B,Dinner,Wednesday,Normal,0,614,601,577,Vendor A,10,13,24,97.8827361563518,3.9933444259567388,2
2026-05-20,Site C,Breakfast,Wednesday,Normal,0,602,549,549,Vendor B,6,53,0,91.19601328903654,0.0,2
2026-05-20,Site C,Lunch,Wednesday,Normal,0,937,913,913,Vendor A,8,24,0,97.43863393810031,0.0,2
2026-05-20,Site C,Dinner,Wednesday,Normal,0,834,819,811,Vendor A,7,15,8,98.20143884892086,0.9768009768009768,2
2026-05-20,Site D,Breakfast,Wednesday,Normal,0,303,297,297,Vendor A,7,6,0,98.01980198019803,0.0,2
2026-05-20,Site D,Lunch,Wednesday,Normal,0,502,460,460,Vendor C,6,42,0,91.63346613545816,0.0,2
2026-05-20,Site D,Dinner,Wednesday,Normal,0,476,441,441,Vendor B,9,35,0,92.64705882352942,0.0,2
2026-05-20,Site E,Breakfast,Wednesday,Normal,0,471,434,434,Vendor C,7,37,0,92.1443736730361,0.0,2
2026-05-20,Site E,Lunch,Wednesday,Normal,0,760,717,717,Vendor B,6,43,0,94.34210526315789,0.0,2
2026-05-20,Site E,Dinner,Wednesday,Normal,0,606,599,599,Vendor A,3,7,0,98.84488448844884,0.0,2
2026-05-21,Site A,Breakfast,Thursday,Normal,0,494,477,477,Vendor A,8,17,0,96.5587044534413,0.0,3
2026-05-21,Site A,Lunch,Thursday,Normal,0,889,833,833,Vendor B,10,56,0,93.7007874015748,0.0,3
2026-05-21,Site A,Dinner,Thursday,Normal,0,716,713,683,Vendor A,10,3,30,99.58100558659217,4.207573632538569,3
2026-05-21,Site B,Breakfast,Thursday,Normal,0,392,355,355,Vendor C,8,37,0,90.56122448979592,0.0,3
2026-05-21,Site B,Lunch,Thursday,Normal,0,603,557,557,Vendor B,2,46,0,92.37147595356551,0.0,3
2026-05-21,Site B,Dinner,Thursday,Normal,0,630,621,586,Vendor A,11,9,35,98.57142857142858,5.636070853462158,3
2026-05-21,Site C,Breakfast,Thursday,Normal,0,553,511,511,Vendor B,8,42,0,92.40506329113924,0.0,3
2026-05-21,Site C,Lunch,Thursday,Normal,0,1010,932,932,Vendor B,1,78,0,92.27722772277228,0.0,3
2026-05-21,Site C,Dinner,Thursday,Normal,0,773,748,748,Vendor A,4,25,0,96.76584734799482,0.0,3
2026-05-21,Site D,Breakfast,Thursday,Normal,0,330,299,299,Vendor A,24,31,0,90.6060606060606,0.0,3
2026-05-21,Site D,Lunch,Thursday,Normal,0,493,468,468,Vendor B,0,25,0,94.9290060851927,0.0,3
2026-05-21,Site D,Dinner,Thursday,Normal,0,369,345,345,Vendor B,3,24,0,93.4959349593496,0.0,3
2026-05-21,Site E,Breakfast,Thursday,Normal,0,440,413,413,Vendor B,3,27,0,93.86363636363636,0.0,3
2026-05-21,Site E,Lunch,Thursday,Normal,0,712,676,675,Vendor A,6,36,1,94.9438202247191,0.14792899408284024,3
2026-05-21,Site E,Dinner,Thursday,Normal,0,643,585,585,Vendor C,4,58,0,90.97978227060653,0.0,3
2026-05-22,Site A,Breakfast,Friday,Rain,0,509,460,460,Vendor C,2,49,0,90.37328094302553,0.0,4
2026-05-22,Site A,Lunch,Friday,Rain,0,794,747,747,Vendor B,8,47,0,94.08060453400505,0.0,4
2026-05-22,Site A,Dinner,Friday,Rain,0,734,678,678,Vendor C,3,56,0,92.37057220708446,0.0,4
2026-05-22,Site B,Breakfast,Friday,Rain,0,386,361,361,Vendor B,6,25,0,93.52331606217616,0.0,4
2026-05-22,Site B,Lunch,Friday,Rain,0,654,633,633,Vendor A,9,21,0,96.78899082568807,0.0,4
2026-05-22,Site B,Dinner,Friday,Rain,0,552,508,508,Vendor B,9,44,0,92.02898550724638,0.0,4
2026-05-22,Site C,Breakfast,Friday,Rain,0,632,618,585,Vendor A,5,14,33,97.78481012658227,5.339805825242718,4
2026-05-22,Site C,Lunch,Friday,Rain,0,921,901,901,Vendor A,5,20,0,97.828447339848,0.0,4
2026-05-22,Site C,Dinner,Friday,Rain,0,802,733,733,Vendor C,10,69,0,91.39650872817955,0.0,4
2026-05-22,Site D,Breakfast,Friday,Rain,0,318,296,296,Vendor B,14,22,0,93.08176100628931,0.0,4
2026-05-22,Site D,Lunch,Friday,Rain,0,492,420,420,Vendor A,34,72,0,85.36585365853658,0.0,4
2026-05-22,Site D,Dinner,Friday,Rain,0,473,457,452,Vendor B,9,16,5,96.61733615221986,1.0940919037199124,4
2026-05-22,Site E,Breakfast,Friday,Rain,0,455,448,444,Vendor A,8,7,4,98.46153846153847,0.8928571428571428,4
2026-05-22,Site E,Lunch,Friday,Rain,0,705,649,649,Vendor B,3,56,0,92.05673758865248,0.0,4
2026-05-22,Site E,Dinner,Friday,Rain,0,570,547,547,Vendor B,6,23,0,95.96491228070175,0.0,4
2026-05-23,Site A,Breakfast,Saturday,Normal,0,435,418,418,Vendor A,6,17,0,96.0919540229885,0.0,5
2026-05-23,Site A,Lunch,Saturday,Normal,0,756,695,692,Vendor B,2,61,3,91.93121693121694,0.4316546762589928,5
2026-05-23,Site A,Dinner,Saturday,Normal,0,622,614,605,Vendor A,1,8,9,98.71382636655949,1.4657980456026058,5
2026-05-23,Site B,Breakfast,Saturday,Normal,0,363,328,328,Vendor C,0,35,0,90.35812672176309,0.0,5
2026-05-23,Site B,Lunch,Saturday,Normal,0,464,454,454,Vendor A,6,10,0,97.84482758620689,0.0,5
2026-05-23,Site B,Dinner,Saturday,Normal,0,463,395,395,Vendor A,24,68,0,85.31317494600432,0.0,5
2026-05-23,Site C,Breakfast,Saturday,Normal,0,474,462,462,Vendor A,5,12,0,97.46835443037975,0.0,5
2026-05-23,Site C,Lunch,Saturday,Normal,0,751,719,719,Vendor A,5,32,0,95.73901464713715,0.0,5
2026-05-23,Site C,Dinner,Saturday,Normal,0,702,653,653,Vendor B,6,49,0,93.01994301994301,0.0,5
2026-05-23,Site D,Breakfast,Saturday,Normal,0,258,252,251,Vendor A,7,6,1,97.67441860465115,0.3968253968253968,5
2026-05-23,Site D,Lunch,Saturday,Normal,0,364,333,333,Vendor C,0,31,0,91.48351648351648,0.0,5
2026-05-23,Site D,Dinner,Saturday,Normal,0,363,349,349,Vendor B,2,14,0,96.14325068870524,0.0,5
2026-05-23,Site E,Breakfast,Saturday,Normal,0,373,369,359,Vendor A,6,4,10,98.92761394101876,2.710027100271003,5
2026-05-23,Site E,Lunch,Saturday,Normal,0,582,569,567,Vendor A,7,13,2,97.76632302405498,0.35149384885764495,5
2026-05-23,Site E,Dinner,Saturday,Normal,0,504,491,491,Vendor A,6,13,0,97.42063492063492,0.0,5
2026-05-24,Site A,Breakfast,Sunday,Normal,0,411,372,372,Vendor C,6,39,0,90.51094890510949,0.0,6
2026-05-24,Site A,Lunch,Sunday,Normal,0,625,612,605,Vendor A,9,13,7,97.92,1.1437908496732025,6
2026-05-24,Site A,Dinner,Sunday,Normal,0,597,555,533,Vendor B,3,42,22,92.96482412060301,3.963963963963964,6
2026-05-24,Site B,Breakfast,Sunday,Normal,0,300,282,282,Vendor B,7,18,0,94.0,0.0,6
2026-05-24,Site B,Lunch,Sunday,Normal,0,449,440,435,Vendor A,3,9,5,97.9955456570156,1.1363636363636365,6
2026-05-24,Site B,Dinner,Sunday,Normal,0,392,390,389,Vendor A,7,2,1,99.48979591836735,0.2564102564102564,6
2026-05-24,Site C,Breakfast,Sunday,Normal,0,508,457,452,Vendor C,3,51,5,89.96062992125984,1.0940919037199124,6
2026-05-24,Site C,Lunch,Sunday,Normal,0,667,654,654,Vendor A,5,13,0,98.05097451274362,0.0,6
2026-05-24,Site C,Dinner,Sunday,Normal,0,650,632,621,Vendor B,6,18,11,97.23076923076923,1.740506329113924,6
2026-05-24,Site D,Breakfast,Sunday,Normal,0,205,186,186,Vendor C,4,19,0,90.73170731707317,0.0,6
2026-05-24,Site D,Lunch,Sunday,Normal,0,388,372,369,Vendor A,5,16,3,95.87628865979381,0.8064516129032258,6
2026-05-24,Site D,Dinner,Sunday,Normal,0,295,276,276,Vendor B,3,19,0,93.55932203389831,0.0,6
2026-05-24,Site E,Breakfast,Sunday,Normal,0,332,317,317,Vendor B,4,15,0,95.48192771084338,0.0,6
2026-05-24,Site E,Lunch,Sunday,Normal,0,560,553,535,Vendor A,8,7,18,98.75,3.25497287522604,6
2026-05-24,Site E,Dinner,Sunday,Normal,0,496,484,484,Vendor A,5,12,0,97.58064516129032,0.0,6
2026-05-25,Site A,Breakfast,Monday,Cloudy,0,505,451,451,Vendor C,8,54,0,89.3069306930693,0.0,0
2026-05-25,Site A,Lunch,Monday,Cloudy,0,926,877,841,Vendor B,4,49,36,94.70842332613391,4.104903078677309,0
2026-05-25,Site A,Dinner,Monday,Cloudy,0,767,747,747,Vendor A,7,20,0,97.39243807040417,0.0,0
2026-05-25,Site B,Breakfast,Monday,Cloudy,0,398,366,366,Vendor B,10,32,0,91.95979899497488,0.0,0
2026-05-25,Site B,Lunch,Monday,Cloudy,0,575,560,560,Vendor A,10,15,0,97.3913043478261,0.0,0
2026-05-25,Site B,Dinner,Monday,Cloudy,0,561,536,535,Vendor B,3,25,1,95.54367201426025,0.18656716417910446,0
2026-05-25,Site C,Breakfast,Monday,Cloudy,0,613,536,536,Vendor C,5,77,0,87.43882544861337,0.0,0
2026-05-25,Site C,Lunch,Monday,Cloudy,0,950,935,912,Vendor A,6,15,23,98.42105263157895,2.4598930481283423,0
2026-05-25,Site C,Dinner,Monday,Cloudy,0,824,811,793,Vendor A,10,13,18,98.42233009708737,2.219482120838471,0
2026-05-25,Site D,Breakfast,Monday,Cloudy,0,251,243,243,Vendor A,1,8,0,96.81274900398407,0.0,0
2026-05-25,Site D,Lunch,Monday,Cloudy,0,511,502,480,Vendor A,8,9,22,98.23874755381604,4.382470119521913,0
2026-05-25,Site D,Dinner,Monday,Cloudy,0,493,484,466,Vendor A,10,9,18,98.17444219066938,3.71900826446281,0
2026-05-25,Site E,Breakfast,Monday,Cloudy,0,453,459,425,Vendor A,5,-6,34,101.32450331125828,7.4074074074074066,0
2026-05-25,Site E,Lunch,Monday,Cloudy,0,695,604,604,Vendor C,6,91,0,86.90647482014388,0.0,0
2026-05-25,Site E,Dinner,Monday,Cloudy,0,658,631,602,Vendor B,8,27,29,95.8966565349544,4.595879556259905,0
2026-05-26,Site A,Breakfast,Tuesday,Normal,0,532,498,498,Vendor B,8,34,0,93.60902255639097,0.0,1
2026-05-26,Site A,Lunch,Tuesday,Normal,0,842,835,810,Vendor A,7,7,25,99.1686460807601,2.9940119760479043,1
2026-05-26,Site A,Dinner,Tuesday,Normal,0,699,659,659,Vendor B,10,40,0,94.27753934191702,0.0,1
2026-05-26,Site B,Breakfast,Tuesday,Normal,0,364,352,352,Vendor A,7,12,0,96.7032967032967,0.0,1
2026-05-26,Site B,Lunch,Tuesday,Normal,0,672,670,633,Vendor A,6,2,37,99.70238095238095,5.522388059701493,1
2026-05-26,Site B,Dinner,Tuesday,Normal,0,560,508,508,Vendor C,5,52,0,90.71428571428571,0.0,1
2026-05-26,Site C,Breakfast,Tuesday,Normal,0,618,581,581,Vendor B,8,37,0,94.01294498381877,0.0,1
2026-05-26,Site C,Lunch,Tuesday,Normal,0,854,848,829,Vendor A,12,6,19,99.29742388758783,2.240566037735849,1
2026-05-26,Site C,Dinner,Tuesday,Normal,0,783,766,766,Vendor B,11,17,0,97.82886334610473,0.0,1
2026-05-26,Site D,Breakfast,Tuesday,Normal,0,290,259,259,Vendor C,6,31,0,89.3103448275862,0.0,1
2026-05-26,Site D,Lunch,Tuesday,Normal,0,520,493,493,Vendor B,5,27,0,94.8076923076923,0.0,1
2026-05-26,Site D,Dinner,Tuesday,Normal,0,427,392,392,Vendor B,5,35,0,91.80327868852459,0.0,1
2026-05-26,Site E,Breakfast,Tuesday,Normal,0,409,391,391,Vendor B,7,18,0,95.59902200488997,0.0,1
2026-05-26,Site E,Lunch,Tuesday,Normal,0,698,647,647,Vendor B,4,51,0,92.69340974212035,0.0,1
2026-05-26,Site E,Dinner,Tuesday,Normal,0,612,571,571,Vendor B,10,41,0,93.30065359477125,0.0,1
2026-05-27,Site A,Breakfast,Wednesday,Hot,0,513,502,502,Vendor A,6,11,0,97.85575048732943,0.0,2
2026-05-27,Site A,Lunch,Wednesday,Hot,0,787,720,720,Vendor B,3,67,0,91.4866581956798,0.0,2
2026-05-27,Site A,Dinner,Wednesday,Hot,0,757,745,745,Vendor A,0,12,0,98.41479524438573,0.0,2
2026-05-27,Site B,Breakfast,Wednesday,Hot,0,398,389,369,Vendor A,10,9,20,97.73869346733667,5.141388174807198,2
2026-05-27,Site B,Lunch,Wednesday,Hot,0,602,573,573,Vendor A,10,29,0,95.1827242524917,0.0,2
2026-05-27,Site B,Dinner,Wednesday,Hot,0,543,486,486,Vendor C,8,57,0,89.50276243093923,0.0,2
2026-05-27,Site C,Breakfast,Wednesday,Hot,0,576,533,533,Vendor B,9,43,0,92.53472222222221,0.0,2
2026-05-27,Site C,Lunch,Wednesday,Hot,0,1029,979,979,Vendor B,9,50,0,95.14091350826045,0.0,2
2026-05-27,Site C,Dinner,Wednesday,Hot,0,821,742,742,Vendor C,7,79,0,90.37758830694276,0.0,2
2026-05-27,Site D,Breakfast,Wednesday,Hot,0,275,263,263,Vendor A,3,12,0,95.63636363636364,0.0,2
2026-05-27,Site D,Lunch,Wednesday,Hot,0,450,436,436,Vendor A,11,14,0,96.88888888888889,0.0,2
2026-05-27,Site D,Dinner,Wednesday,Hot,0,422,414,414,Vendor A,9,8,0,98.10426540284361,0.0,2
2026-05-27,Site E,Breakfast,Wednesday,Hot,0,410,390,390,Vendor B,6,20,0,95.1219512195122,0.0,2
2026-05-27,Site E,Lunch,Wednesday,Hot,0,687,669,665,Vendor A,7,18,4,97.37991266375546,0.5979073243647235,2
2026-05-27,Site E,Dinner,Wednesday,Hot,0,679,664,633,Vendor A,7,15,31,97.79086892488954,4.66867469879518,2
2026-05-28,Site A,Breakfast,Thursday,Normal,0,527,494,494,Vendor B,0,33,0,93.7381404174573,0.0,3
2026-05-28,Site A,Lunch,Thursday,Normal,0,913,904,874,Vendor A,8,9,30,99.01423877327493,3.3185840707964607,3
2026-05-28,Site A,Dinner,Thursday,Normal,0,818,780,759,Vendor B,6,38,21,95.35452322738386,2.6923076923076925,3
2026-05-28,Site B,Breakfast,Thursday,Normal,0,424,387,387,Vendor C,5,37,0,91.27358490566037,0.0,3
2026-05-28,Site B,Lunch,Thursday,Normal,0,685,642,642,Vendor B,12,43,0,93.72262773722628,0.0,3
2026-05-28,Site B,Dinner,Thursday,Normal,0,565,475,475,Vendor C,21,90,0,84.070796460177,0.0,3
2026-05-28,Site C,Breakfast,Thursday,Normal,0,608,598,598,Vendor A,8,10,0,98.35526315789474,0.0,3
2026-05-28,Site C,Lunch,Thursday,Normal,0,979,867,867,Vendor C,9,112,0,88.55975485188968,0.0,3
2026-05-28,Site C,Dinner,Thursday,Normal,0,868,720,720,Vendor B,22,148,0,82.94930875576037,0.0,3
2026-05-28,Site D,Breakfast,Thursday,Normal,0,289,281,277,Vendor A,6,8,4,97.23183391003461,1.4234875444839856,3
2026-05-28,Site D,Lunch,Thursday,Normal,0,499,475,475,Vendor B,11,24,0,95.19038076152304,0.0,3
2026-05-28,Site D,Dinner,Thursday,Normal,0,446,417,417,Vendor C,10,29,0,93.49775784753363,0.0,3
2026-05-28,Site E,Breakfast,Thursday,Normal,0,460,452,442,Vendor A,14,8,10,98.26086956521739,2.2123893805309733,3
2026-05-28,Site E,Lunch,Thursday,Normal,0,778,736,736,Vendor B,5,42,0,94.60154241645245,0.0,3
2026-05-28,Site E,Dinner,Thursday,Normal,0,706,699,658,Vendor A,7,7,41,99.0084985835694,5.865522174535051,3
2026-05-29,Site A,Breakfast,Friday,Cloudy,0,604,573,562,Vendor B,5,31,11,94.86754966887418,1.9197207678883073,4
2026-05-29,Site A,Lunch,Friday,Cloudy,0,968,898,898,Vendor B,11,70,0,92.76859504132231,0.0,4
2026-05-29,Site A,Dinner,Friday,Cloudy,0,771,768,726,Vendor A,7,3,42,99.61089494163424,5.46875,4
2026-05-29,Site B,Breakfast,Friday,Cloudy,0,436,395,395,Vendor C,9,41,0,90.59633027522935,0.0,4
2026-05-29,Site B,Lunch,Friday,Cloudy,0,655,635,622,Vendor A,1,20,13,96.94656488549617,2.047244094488189,4
2026-05-29,Site B,Dinner,Friday,Cloudy,0,625,584,584,Vendor C,5,41,0,93.44,0.0,4
2026-05-29,Site C,Breakfast,Friday,Cloudy,0,694,651,651,Vendor B,11,43,0,93.80403458213257,0.0,4
2026-05-29,Site C,Lunch,Friday,Cloudy,0,999,924,924,Vendor B,7,75,0,92.49249249249249,0.0,4
2026-05-29,Site C,Dinner,Friday,Cloudy,0,1001,973,938,Vendor A,9,28,35,97.2027972027972,3.597122302158273,4
2026-05-29,Site D,Breakfast,Friday,Cloudy,0,344,308,308,Vendor C,11,36,0,89.53488372093024,0.0,4
2026-05-29,Site D,Lunch,Friday,Cloudy,0,572,558,558,Vendor B,4,14,0,97.55244755244755,0.0,4
2026-05-29,Site D,Dinner,Friday,Cloudy,0,502,442,442,Vendor A,23,60,0,88.04780876494024,0.0,4
2026-05-29,Site E,Breakfast,Friday,Cloudy,0,493,475,474,Vendor A,6,18,1,96.34888438133873,0.21052631578947367,4
2026-05-29,Site E,Lunch,Friday,Cloudy,0,778,755,755,Vendor A,7,23,0,97.04370179948586,0.0,4
2026-05-29,Site E,Dinner,Friday,Cloudy,0,753,740,700,Vendor A,6,13,40,98.27357237715803,5.405405405405405,4
2026-05-30,Site A,Breakfast,Saturday,Rain,0,376,365,361,Vendor A,8,11,4,97.07446808510637,1.095890410958904,5
2026-05-30,Site A,Lunch,Saturday,Rain,0,608,569,569,Vendor B,9,39,0,93.58552631578947,0.0,5
2026-05-30,Site A,Dinner,Saturday,Rain,0,518,469,469,Vendor C,9,49,0,90.54054054054053,0.0,5
2026-05-30,Site B,Breakfast,Saturday,Rain,0,307,285,285,Vendor B,8,22,0,92.83387622149837,0.0,5
2026-05-30,Site B,Lunch,Saturday,Rain,0,520,506,488,Vendor A,6,14,18,97.3076923076923,3.557312252964427,5
2026-05-30,Site B,Dinner,Saturday,Rain,0,428,394,394,Vendor C,5,34,0,92.05607476635514,0.0,5
2026-05-30,Site C,Breakfast,Saturday,Rain,0,449,439,437,Vendor A,8,10,2,97.7728285077951,0.45558086560364464,5
2026-05-30,Site C,Lunch,Saturday,Rain,0,765,748,715,Vendor A,3,17,33,97.77777777777777,4.411764705882353,5
2026-05-30,Site C,Dinner,Saturday,Rain,0,610,544,544,Vendor C,1,66,0,89.18032786885246,0.0,5
2026-05-30,Site D,Breakfast,Saturday,Rain,0,249,233,233,Vendor B,2,16,0,93.57429718875501,0.0,5
2026-05-30,Site D,Lunch,Saturday,Rain,0,441,434,411,Vendor A,3,7,23,98.4126984126984,5.299539170506913,5
2026-05-30,Site D,Dinner,Saturday,Rain,0,363,351,341,Vendor A,4,12,10,96.69421487603306,2.849002849002849,5
2026-05-30,Site E,Breakfast,Saturday,Rain,0,331,315,315,Vendor A,5,16,0,95.16616314199395,0.0,5
2026-05-30,Site E,Lunch,Saturday,Rain,0,534,527,510,Vendor A,8,7,17,98.68913857677903,3.225806451612903,5
2026-05-30,Site E,Dinner,Saturday,Rain,0,443,413,413,Vendor B,3,30,0,93.22799097065463,0.0,5
2026-05-31,Site A,Breakfast,Sunday,Normal,0,418,391,391,Vendor B,5,27,0,93.54066985645933,0.0,6
2026-05-31,Site A,Lunch,Sunday,Normal,0,719,681,681,Vendor B,2,38,0,94.71488178025035,0.0,6
2026-05-31,Site A,Dinner,Sunday,Normal,0,547,536,525,Vendor A,5,11,11,97.9890310786106,2.0522388059701493,6
2026-05-31,Site B,Breakfast,Sunday,Normal,0,284,265,265,Vendor C,5,19,0,93.30985915492957,0.0,6
2026-05-31,Site B,Lunch,Sunday,Normal,0,475,442,442,Vendor B,7,33,0,93.05263157894737,0.0,6
2026-05-31,Site B,Dinner,Sunday,Normal,0,414,410,410,Vendor A,8,4,0,99.03381642512076,0.0,6
2026-05-31,Site C,Breakfast,Sunday,Normal,0,423,385,385,Vendor B,6,38,0,91.01654846335697,0.0,6
2026-05-31,Site C,Lunch,Sunday,Normal,0,674,570,570,Vendor A,14,104,0,84.56973293768546,0.0,6
2026-05-31,Site C,Dinner,Sunday,Normal,0,661,606,606,Vendor B,6,55,0,91.67927382753403,0.0,6
2026-05-31,Site D,Breakfast,Sunday,Normal,0,218,219,213,Vendor A,11,-1,6,100.45871559633028,2.73972602739726,6
2026-05-31,Site D,Lunch,Sunday,Normal,0,397,367,367,Vendor C,2,30,0,92.44332493702771,0.0,6
2026-05-31,Site D,Dinner,Sunday,Normal,0,329,327,315,Vendor A,5,2,12,99.3920972644377,3.669724770642202,6
2026-05-31,Site E,Breakfast,Sunday,Normal,0,357,321,321,Vendor C,2,36,0,89.91596638655463,0.0,6
2026-05-31,Site E,Lunch,Sunday,Normal,0,537,522,510,Vendor A,9,15,12,97.20670391061452,2.2988505747126435,6
2026-05-31,Site E,Dinner,Sunday,Normal,0,465,423,423,Vendor C,5,42,0,90.96774193548387,0.0,6
2026-06-01,Site A,Breakfast,Monday,Normal,0,511,490,490,Vendor A,3,21,0,95.8904109589041,0.0,0
2026-06-01,Site A,Lunch,Monday,Normal,0,882,805,805,Vendor B,5,77,0,91.26984126984127,0.0,0
2026-06-01,Site A,Dinner,Monday,Normal,0,666,593,593,Vendor C,5,73,0,89.03903903903904,0.0,0
2026-06-01,Site B,Breakfast,Monday,Normal,0,390,385,377,Vendor A,10,5,8,98.71794871794873,2.0779220779220777,0
2026-06-01,Site B,Lunch,Monday,Normal,0,632,612,606,Vendor A,6,20,6,96.83544303797468,0.9803921568627451,0
2026-06-01,Site B,Dinner,Monday,Normal,0,548,529,529,Vendor A,5,19,0,96.53284671532847,0.0,0
2026-06-01,Site C,Breakfast,Monday,Normal,0,560,539,529,Vendor A,9,21,10,96.25,1.855287569573284,0
2026-06-01,Site C,Lunch,Monday,Normal,0,896,837,837,Vendor B,7,59,0,93.41517857142857,0.0,0
2026-06-01,Site C,Dinner,Monday,Normal,0,781,728,728,Vendor B,13,53,0,93.21382842509604,0.0,0
2026-06-01,Site D,Breakfast,Monday,Normal,0,272,272,262,Vendor A,12,0,10,100.0,3.6764705882352944,0
2026-06-01,Site D,Lunch,Monday,Normal,0,490,468,468,Vendor A,5,22,0,95.51020408163265,0.0,0
2026-06-01,Site D,Dinner,Monday,Normal,0,454,418,418,Vendor B,6,36,0,92.07048458149781,0.0,0
2026-06-01,Site E,Breakfast,Monday,Normal,0,471,423,423,Vendor C,0,48,0,89.80891719745223,0.0,0
2026-06-01,Site E,Lunch,Monday,Normal,0,738,712,712,Vendor B,11,26,0,96.4769647696477,0.0,0
2026-06-01,Site E,Dinner,Monday,Normal,0,608,586,586,Vendor B,8,22,0,96.38157894736842,0.0,0
2026-06-02,Site A,Breakfast,Tuesday,Cloudy,1,599,544,544,Vendor B,4,55,0,90.81803005008348,0.0,1
2026-06-02,Site A,Lunch,Tuesday,Cloudy,1,954,850,850,Vendor C,7,104,0,89.09853249475891,0.0,1
2026-06-02,Site A,Dinner,Tuesday,Cloudy,1,803,800,783,Vendor A,5,3,17,99.62640099626401,2.125,1
2026-06-02,Site B,Breakfast,Tuesday,Cloudy,1,450,423,423,Vendor B,5,27,0,94.0,0.0,1
2026-06-02,Site B,Lunch,Tuesday,Cloudy,1,692,644,644,Vendor B,14,48,0,93.0635838150289,0.0,1
2026-06-02,Site B,Dinner,Tuesday,Cloudy,1,656,604,604,Vendor B,6,52,0,92.07317073170732,0.0,1
2026-06-02,Site C,Breakfast,Tuesday,Cloudy,1,708,672,672,Vendor B,12,36,0,94.91525423728814,0.0,1
2026-06-02,Site C,Lunch,Tuesday,Cloudy,1,1152,1102,1102,Vendor A,14,50,0,95.65972222222221,0.0,1
2026-06-02,Site C,Dinner,Tuesday,Cloudy,1,957,899,895,Vendor C,2,58,4,93.93939393939394,0.44493882091212456,1
2026-06-02,Site D,Breakfast,Tuesday,Cloudy,1,313,293,293,Vendor B,9,20,0,93.61022364217251,0.0,1
2026-06-02,Site D,Lunch,Tuesday,Cloudy,1,535,511,511,Vendor B,5,24,0,95.51401869158879,0.0,1
2026-06-02,Site D,Dinner,Tuesday,Cloudy,1,515,465,465,Vendor C,1,50,0,90.29126213592234,0.0,1
2026-06-02,Site E,Breakfast,Tuesday,Cloudy,1,540,525,520,Vendor A,7,15,5,97.22222222222221,0.9523809523809524,1
2026-06-02,Site E,Lunch,Tuesday,Cloudy,1,734,689,689,Vendor B,9,45,0,93.8692098092643,0.0,1
2026-06-02,Site E,Dinner,Tuesday,Cloudy,1,746,680,680,Vendor C,7,66,0,91.15281501340483,0.0,1
2026-06-03,Site A,Breakfast,Wednesday,Rain,0,482,455,455,Vendor B,6,27,0,94.39834024896265,0.0,2
2026-06-03,Site A,Lunch,Wednesday,Rain,0,850,841,805,Vendor A,4,9,36,98.94117647058823,4.280618311533888,2
2026-06-03,Site A,Dinner,Wednesday,Rain,0,696,629,629,Vendor C,6,67,0,90.37356321839081,0.0,2
2026-06-03,Site B,Breakfast,Wednesday,Rain,0,381,372,357,Vendor B,8,9,15,97.63779527559055,4.032258064516129,2
2026-06-03,Site B,Lunch,Wednesday,Rain,0,605,609,585,Vendor A,4,-4,24,100.6611570247934,3.9408866995073892,2
2026-06-03,Site B,Dinner,Wednesday,Rain,0,503,438,438,Vendor B,13,65,0,87.07753479125249,0.0,2
2026-06-03,Site C,Breakfast,Wednesday,Rain,0,548,525,516,Vendor A,8,23,9,95.8029197080292,1.7142857142857144,2
2026-06-03,Site C,Lunch,Wednesday,Rain,0,907,813,813,Vendor C,7,94,0,89.6361631753032,0.0,2
2026-06-03,Site C,Dinner,Wednesday,Rain,0,820,790,790,Vendor A,12,30,0,96.34146341463415,0.0,2
2026-06-03,Site D,Breakfast,Wednesday,Rain,0,303,288,288,Vendor B,4,15,0,95.04950495049505,0.0,2
2026-06-03,Site D,Lunch,Wednesday,Rain,0,505,493,476,Vendor A,9,12,17,97.62376237623762,3.4482758620689653,2
2026-06-03,Site D,Dinner,Wednesday,Rain,0,380,377,377,Vendor A,12,3,0,99.21052631578947,0.0,2
2026-06-03,Site E,Breakfast,Wednesday,Rain,0,443,431,421,Vendor A,5,12,10,97.29119638826185,2.320185614849188,2
2026-06-03,Site E,Lunch,Wednesday,Rain,0,702,666,666,Vendor B,8,36,0,94.87179487179486,0.0,2
2026-06-03,Site E,Dinner,Wednesday,Rain,0,612,560,560,Vendor C,9,52,0,91.50326797385621,0.0,2
2026-06-04,Site A,Breakfast,Thursday,Normal,1,543,538,538,Vendor A,9,5,0,99.0791896869245,0.0,3
2026-06-04,Site A,Lunch,Thursday,Normal,1,1021,999,903,Vendor A,6,22,96,97.84524975514202,9.60960960960961,3
2026-06-04,Site A,Dinner,Thursday,Normal,1,849,801,801,Vendor B,8,48,0,94.34628975265018,0.0,3
2026-06-04,Site B,Breakfast,Thursday,Normal,1,437,406,406,Vendor B,15,31,0,92.90617848970251,0.0,3
2026-06-04,Site B,Lunch,Thursday,Normal,1,633,622,622,Vendor A,9,11,0,98.26224328593996,0.0,3
2026-06-04,Site B,Dinner,Thursday,Normal,1,600,558,558,Vendor B,4,42,0,93.0,0.0,3
2026-06-04,Site C,Breakfast,Thursday,Normal,1,697,635,635,Vendor C,9,62,0,91.10473457675752,0.0,3
2026-06-04,Site C,Lunch,Thursday,Normal,1,1095,1036,1036,Vendor B,4,59,0,94.61187214611873,0.0,3
2026-06-04,Site C,Dinner,Thursday,Normal,1,910,869,869,Vendor A,4,41,0,95.4945054945055,0.0,3
2026-06-04,Site D,Breakfast,Thursday,Normal,1,318,306,306,Vendor A,7,12,0,96.22641509433963,0.0,3
2026-06-04,Site D,Lunch,Thursday,Normal,1,564,528,528,Vendor B,10,36,0,93.61702127659575,0.0,3
2026-06-04,Site D,Dinner,Thursday,Normal,1,487,466,457,Vendor B,8,21,9,95.68788501026694,1.9313304721030045,3
2026-06-04,Site E,Breakfast,Thursday,Normal,1,511,494,493,Vendor A,7,17,1,96.67318982387475,0.20242914979757085,3
2026-06-04,Site E,Lunch,Thursday,Normal,1,793,779,779,Vendor A,3,14,0,98.23455233291298,0.0,3
2026-06-04,Site E,Dinner,Thursday,Normal,1,798,727,727,Vendor C,2,71,0,91.10275689223057,0.0,3
2026-06-05,Site A,Breakfast,Friday,Normal,0,538,479,479,Vendor C,9,59,0,89.03345724907064,0.0,4
2026-06-05,Site A,Lunch,Friday,Normal,0,936,925,868,Vendor A,6,11,57,98.82478632478633,6.162162162162162,4
2026-06-05,Site A,Dinner,Friday,Normal,0,860,824,818,Vendor A,10,36,6,95.81395348837209,0.7281553398058253,4
2026-06-05,Site B,Breakfast,Friday,Normal,0,427,418,413,Vendor A,4,9,5,97.89227166276346,1.1961722488038278,4
2026-06-05,Site B,Lunch,Friday,Normal,0,707,643,643,Vendor C,3,64,0,90.94766619519095,0.0,4
2026-06-05,Site B,Dinner,Friday,Normal,0,591,591,570,Vendor A,4,0,21,100.0,3.5532994923857872,4
2026-06-05,Site C,Breakfast,Friday,Normal,0,611,589,589,Vendor B,6,22,0,96.39934533551555,0.0,4
2026-06-05,Site C,Lunch,Friday,Normal,0,892,828,828,Vendor B,10,64,0,92.82511210762333,0.0,4
2026-06-05,Site C,Dinner,Friday,Normal,0,877,840,840,Vendor A,10,37,0,95.78107183580387,0.0,4
2026-06-05,Site D,Breakfast,Friday,Normal,0,313,298,298,Vendor B,5,15,0,95.2076677316294,0.0,4
2026-06-05,Site D,Lunch,Friday,Normal,0,531,508,501,Vendor B,6,23,7,95.66854990583803,1.3779527559055118,4
2026-06-05,Site D,Dinner,Friday,Normal,0,468,460,452,Vendor A,5,8,8,98.29059829059828,1.7391304347826086,4
2026-06-05,Site E,Breakfast,Friday,Normal,0,489,478,478,Vendor A,9,11,0,97.75051124744377,0.0,4
2026-06-05,Site E,Lunch,Friday,Normal,0,835,766,766,Vendor C,8,69,0,91.73652694610779,0.0,4
2026-06-05,Site E,Dinner,Friday,Normal,0,641,590,590,Vendor C,6,51,0,92.04368174726989,0.0,4
2026-06-06,Site A,Breakfast,Saturday,Rain,0,390,359,359,Vendor C,0,31,0,92.05128205128204,0.0,5
2026-06-06,Site A,Lunch,Saturday,Rain,0,670,613,613,Vendor C,7,57,0,91.49253731343283,0.0,5
2026-06-06,Site A,Dinner,Saturday,Rain,0,548,534,534,Vendor A,0,14,0,97.44525547445255,0.0,5
2026-06-06,Site B,Breakfast,Saturday,Rain,0,296,291,291,Vendor A,2,5,0,98.3108108108108,0.0,5
2026-06-06,Site B,Lunch,Saturday,Rain,0,487,449,449,Vendor C,1,38,0,92.1971252566735,0.0,5
2026-06-06,Site B,Dinner,Saturday,Rain,0,432,400,400,Vendor B,5,32,0,92.5925925925926,0.0,5
2026-06-06,Site C,Breakfast,Saturday,Rain,0,455,409,409,Vendor B,3,46,0,89.8901098901099,0.0,5
2026-06-06,Site C,Lunch,Saturday,Rain,0,698,657,657,Vendor A,6,41,0,94.12607449856733,0.0,5
2026-06-06,Site C,Dinner,Saturday,Rain,0,625,566,566,Vendor C,6,59,0,90.56,0.0,5
2026-06-06,Site D,Breakfast,Saturday,Rain,0,220,193,193,Vendor B,23,27,0,87.72727272727273,0.0,5
2026-06-06,Site D,Lunch,Saturday,Rain,0,359,352,352,Vendor A,11,7,0,98.05013927576601,0.0,5
2026-06-06,Site D,Dinner,Saturday,Rain,0,338,315,315,Vendor B,0,23,0,93.19526627218934,0.0,5
2026-06-06,Site E,Breakfast,Saturday,Rain,0,307,295,295,Vendor A,7,12,0,96.09120521172639,0.0,5
2026-06-06,Site E,Lunch,Saturday,Rain,0,526,475,475,Vendor C,6,51,0,90.30418250950571,0.0,5
2026-06-06,Site E,Dinner,Saturday,Rain,0,488,435,435,Vendor C,7,53,0,89.13934426229508,0.0,5
2026-06-07,Site A,Breakfast,Sunday,Rain,0,375,330,330,Vendor C,5,45,0,88.0,0.0,6
2026-06-07,Site A,Lunch,Sunday,Rain,0,564,558,549,Vendor A,5,6,9,98.93617021276596,1.6129032258064515,6
2026-06-07,Site A,Dinner,Sunday,Rain,0,520,481,481,Vendor B,13,39,0,92.5,0.0,6
2026-06-07,Site B,Breakfast,Sunday,Rain,0,283,261,261,Vendor C,0,22,0,92.226148409894,0.0,6
2026-06-07,Site B,Lunch,Sunday,Rain,0,435,412,412,Vendor B,3,23,0,94.71264367816093,0.0,6
2026-06-07,Site B,Dinner,Sunday,Rain,0,409,399,374,Vendor A,5,10,25,97.55501222493888,6.265664160401002,6
2026-06-07,Site C,Breakfast,Sunday,Rain,0,428,356,356,Vendor C,24,72,0,83.17757009345794,0.0,6
2026-06-07,Site C,Lunch,Sunday,Rain,0,731,703,669,Vendor B,2,28,34,96.16963064295486,4.836415362731152,6
2026-06-07,Site C,Dinner,Sunday,Rain,0,556,523,523,Vendor B,1,33,0,94.06474820143885,0.0,6
2026-06-07,Site D,Breakfast,Sunday,Rain,0,205,191,191,Vendor C,0,14,0,93.17073170731707,0.0,6
2026-06-07,Site D,Lunch,Sunday,Rain,0,343,328,328,Vendor B,7,15,0,95.6268221574344,0.0,6
2026-06-07,Site D,Dinner,Sunday,Rain,0,291,279,279,Vendor B,5,12,0,95.87628865979381,0.0,6
2026-06-07,Site E,Breakfast,Sunday,Rain,0,337,311,311,Vendor C,8,26,0,92.28486646884274,0.0,6
2026-06-07,Site E,Lunch,Sunday,Rain,0,513,491,491,Vendor A,2,22,0,95.71150097465888,0.0,6
2026-06-07,Site E,Dinner,Sunday,Rain,0,472,467,439,Vendor A,8,5,28,98.9406779661017,5.995717344753747,6
2026-06-08,Site A,Breakfast,Monday,Hot,0,536,489,489,Vendor C,12,47,0,91.23134328358209,0.0,0
2026-06-08,Site A,Lunch,Monday,Hot,0,830,816,795,Vendor A,3,14,21,98.3132530120482,2.5735294117647056,0
2026-06-08,Site A,Dinner,Monday,Hot,0,746,732,719,Vendor A,7,14,13,98.12332439678283,1.7759562841530054,0
2026-06-08,Site B,Breakfast,Monday,Hot,0,370,359,359,Vendor A,2,11,0,97.02702702702702,0.0,0
2026-06-08,Site B,Lunch,Monday,Hot,0,645,614,614,Vendor A,7,31,0,95.1937984496124,0.0,0
2026-06-08,Site B,Dinner,Monday,Hot,0,542,532,506,Vendor A,3,10,26,98.1549815498155,4.887218045112782,0
2026-06-08,Site C,Breakfast,Monday,Hot,0,563,514,514,Vendor C,8,49,0,91.29662522202486,0.0,0
2026-06-08,Site C,Lunch,Monday,Hot,0,904,903,890,Vendor A,10,1,13,99.88938053097345,1.4396456256921373,0
2026-06-08,Site C,Dinner,Monday,Hot,0,788,781,781,Vendor A,2,7,0,99.11167512690355,0.0,0
2026-06-08,Site D,Breakfast,Monday,Hot,0,285,280,280,Vendor A,5,5,0,98.24561403508771,0.0,0
2026-06-08,Site D,Lunch,Monday,Hot,0,450,448,448,Vendor A,12,2,0,99.55555555555556,0.0,0
2026-06-08,Site D,Dinner,Monday,Hot,0,396,390,380,Vendor A,9,6,10,98.48484848484848,2.564102564102564,0
2026-06-08,Site E,Breakfast,Monday,Hot,0,413,405,405,Vendor A,8,8,0,98.06295399515739,0.0,0
2026-06-08,Site E,Lunch,Monday,Hot,0,655,639,625,Vendor A,7,16,14,97.55725190839695,2.190923317683881,0
2026-06-08,Site E,Dinner,Monday,Hot,0,632,609,609,Vendor A,5,23,0,96.36075949367088,0.0,0
2026-06-09,Site A,Breakfast,Tuesday,Normal,0,525,490,490,Vendor B,5,35,0,93.33333333333333,0.0,1
2026-06-09,Site A,Lunch,Tuesday,Normal,0,923,881,872,Vendor A,11,42,9,95.44962080173349,1.0215664018161181,1
2026-06-09,Site A,Dinner,Tuesday,Normal,0,724,714,714,Vendor A,7,10,0,98.61878453038673,0.0,1
2026-06-09,Site B,Breakfast,Tuesday,Normal,0,367,348,348,Vendor A,10,19,0,94.82288828337875,0.0,1
2026-06-09,Site B,Lunch,Tuesday,Normal,0,613,601,591,Vendor A,5,12,10,98.04241435562805,1.6638935108153077,1
2026-06-09,Site B,Dinner,Tuesday,Normal,0,575,524,524,Vendor C,4,51,0,91.13043478260869,0.0,1
2026-06-09,Site C,Breakfast,Tuesday,Normal,0,617,555,555,Vendor C,7,62,0,89.9513776337115,0.0,1
2026-06-09,Site C,Lunch,Tuesday,Normal,0,881,805,805,Vendor C,3,76,0,91.37343927355278,0.0,1
2026-06-09,Site C,Dinner,Tuesday,Normal,0,889,805,805,Vendor C,3,84,0,90.5511811023622,0.0,1
2026-06-09,Site D,Breakfast,Tuesday,Normal,0,313,312,292,Vendor A,8,1,20,99.68051118210862,6.41025641025641,1
2026-06-09,Site D,Lunch,Tuesday,Normal,0,519,470,470,Vendor C,13,49,0,90.5587668593449,0.0,1
2026-06-09,Site D,Dinner,Tuesday,Normal,0,433,419,419,Vendor A,8,14,0,96.76674364896074,0.0,1
2026-06-09,Site E,Breakfast,Tuesday,Normal,0,413,377,377,Vendor B,7,36,0,91.28329297820824,0.0,1
2026-06-09,Site E,Lunch,Tuesday,Normal,0,749,666,666,Vendor C,13,83,0,88.91855807743659,0.0,1
2026-06-09,Site E,Dinner,Tuesday,Normal,0,634,590,590,Vendor B,9,44,0,93.05993690851734,0.0,1
2026-06-10,Site A,Breakfast,Wednesday,Cloudy,0,526,515,515,Vendor B,11,11,0,97.90874524714829,0.0,2
2026-06-10,Site A,Lunch,Wednesday,Cloudy,0,814,809,809,Vendor A,5,5,0,99.38574938574939,0.0,2
2026-06-10,Site A,Dinner,Wednesday,Cloudy,0,736,669,669,Vendor C,4,67,0,90.89673913043478,0.0,2
2026-06-10,Site B,Breakfast,Wednesday,Cloudy,0,396,385,380,Vendor A,9,11,5,97.22222222222221,1.2987012987012987,2
2026-06-10,Site B,Lunch,Wednesday,Cloudy,0,653,635,627,Vendor A,7,18,8,97.24349157733538,1.2598425196850394,2
2026-06-10,Site B,Dinner,Wednesday,Cloudy,0,565,555,537,Vendor A,8,10,18,98.23008849557522,3.2432432432432434,2
2026-06-10,Site C,Breakfast,Wednesday,Cloudy,0,647,607,607,Vendor B,11,40,0,93.81761978361669,0.0,2
2026-06-10,Site C,Lunch,Wednesday,Cloudy,0,1018,981,981,Vendor A,9,37,0,96.36542239685659,0.0,2
2026-06-10,Site C,Dinner,Wednesday,Cloudy,0,851,794,794,Vendor B,12,57,0,93.30199764982373,0.0,2
2026-06-10,Site D,Breakfast,Wednesday,Cloudy,0,294,260,260,Vendor C,9,34,0,88.43537414965986,0.0,2
2026-06-10,Site D,Lunch,Wednesday,Cloudy,0,475,423,423,Vendor A,26,52,0,89.05263157894737,0.0,2
2026-06-10,Site D,Dinner,Wednesday,Cloudy,0,462,433,433,Vendor B,3,29,0,93.72294372294373,0.0,2
2026-06-10,Site E,Breakfast,Wednesday,Cloudy,0,419,410,410,Vendor A,9,9,0,97.85202863961814,0.0,2
2026-06-10,Site E,Lunch,Wednesday,Cloudy,0,811,749,749,Vendor C,9,62,0,92.35511713933415,0.0,2
2026-06-10,Site E,Dinner,Wednesday,Cloudy,0,626,599,599,Vendor B,4,27,0,95.68690095846645,0.0,2
2026-06-11,Site A,Breakfast,Thursday,Normal,0,488,469,469,Vendor A,11,19,0,96.10655737704919,0.0,3
2026-06-11,Site A,Lunch,Thursday,Normal,0,794,795,783,Vendor A,6,-1,12,100.12594458438286,1.509433962264151,3
2026-06-11,Site A,Dinner,Thursday,Normal,0,789,724,724,Vendor B,6,65,0,91.7617237008872,0.0,3
2026-06-11,Site B,Breakfast,Thursday,Normal,0,384,373,364,Vendor A,5,11,9,97.13541666666666,2.4128686327077746,3
2026-06-11,Site B,Lunch,Thursday,Normal,0,661,613,613,Vendor B,7,48,0,92.73827534039334,0.0,3
2026-06-11,Site B,Dinner,Thursday,Normal,0,571,515,515,Vendor C,6,56,0,90.19264448336253,0.0,3
2026-06-11,Site C,Breakfast,Thursday,Normal,0,565,516,516,Vendor C,12,49,0,91.32743362831859,0.0,3
2026-06-11,Site C,Lunch,Thursday,Normal,0,1035,1006,969,Vendor A,6,29,37,97.19806763285024,3.6779324055666,3
2026-06-11,Site C,Dinner,Thursday,Normal,0,877,840,840,Vendor A,4,37,0,95.78107183580387,0.0,3
2026-06-11,Site D,Breakfast,Thursday,Normal,0,297,280,280,Vendor B,9,17,0,94.27609427609428,0.0,3
2026-06-11,Site D,Lunch,Thursday,Normal,0,487,457,457,Vendor B,8,30,0,93.83983572895276,0.0,3
2026-06-11,Site D,Dinner,Thursday,Normal,0,404,396,396,Vendor B,10,8,0,98.01980198019803,0.0,3
2026-06-11,Site E,Breakfast,Thursday,Normal,0,450,421,421,Vendor B,7,29,0,93.55555555555556,0.0,3
2026-06-11,Site E,Lunch,Thursday,Normal,0,687,674,670,Vendor A,3,13,4,98.10771470160117,0.5934718100890208,3
2026-06-11,Site E,Dinner,Thursday,Normal,0,638,589,589,Vendor B,8,49,0,92.31974921630093,0.0,3
2026-06-12,Site A,Breakfast,Friday,Normal,0,544,521,521,Vendor A,3,23,0,95.77205882352942,0.0,4
2026-06-12,Site A,Lunch,Friday,Normal,0,858,820,820,Vendor A,8,38,0,95.57109557109557,0.0,4
2026-06-12,Site A,Dinner,Friday,Normal,0,859,828,828,Vendor A,7,31,0,96.39115250291036,0.0,4
2026-06-12,Site B,Breakfast,Friday,Normal,0,407,389,389,Vendor A,3,18,0,95.57739557739558,0.0,4
2026-06-12,Site B,Lunch,Friday,Normal,0,656,603,603,Vendor B,12,53,0,91.92073170731707,0.0,4
2026-06-12,Site B,Dinner,Friday,Normal,0,616,587,587,Vendor A,6,29,0,95.29220779220779,0.0,4
2026-06-12,Site C,Breakfast,Friday,Normal,0,663,636,636,Vendor A,3,27,0,95.92760180995475,0.0,4
2026-06-12,Site C,Lunch,Friday,Normal,0,1111,1046,1046,Vendor A,6,65,0,94.14941494149414,0.0,4
2026-06-12,Site C,Dinner,Friday,Normal,0,877,859,849,Vendor A,6,18,10,97.94754846066135,1.1641443538998837,4
2026-06-12,Site D,Breakfast,Friday,Normal,0,339,335,331,Vendor A,3,4,4,98.82005899705014,1.1940298507462688,4
2026-06-12,Site D,Lunch,Friday,Normal,0,495,453,453,Vendor C,10,42,0,91.51515151515152,0.0,4
2026-06-12,Site D,Dinner,Friday,Normal,0,491,447,447,Vendor C,11,44,0,91.0386965376782,0.0,4
2026-06-12,Site E,Breakfast,Friday,Normal,0,460,457,457,Vendor A,7,3,0,99.34782608695653,0.0,4
2026-06-12,Site E,Lunch,Friday,Normal,0,705,680,680,Vendor A,14,25,0,96.45390070921985,0.0,4
2026-06-12,Site E,Dinner,Friday,Normal,0,670,622,622,Vendor B,10,48,0,92.83582089552239,0.0,4
2026-06-13,Site A,Breakfast,Saturday,Normal,0,461,418,418,Vendor C,3,43,0,90.67245119305856,0.0,5
2026-06-13,Site A,Lunch,Saturday,Normal,0,643,589,589,Vendor B,6,54,0,91.601866251944,0.0,5
2026-06-13,Site A,Dinner,Saturday,Normal,0,638,625,625,Vendor A,4,13,0,97.96238244514106,0.0,5
2026-06-13,Site B,Breakfast,Saturday,Normal,0,333,323,321,Vendor A,1,10,2,96.996996996997,0.6191950464396285,5
2026-06-13,Site B,Lunch,Saturday,Normal,0,479,476,476,Vendor A,2,3,0,99.37369519832986,0.0,5
2026-06-13,Site B,Dinner,Saturday,Normal,0,426,404,404,Vendor B,3,22,0,94.83568075117371,0.0,5
2026-06-13,Site C,Breakfast,Saturday,Normal,0,464,454,454,Vendor A,8,10,0,97.84482758620689,0.0,5
2026-06-13,Site C,Lunch,Saturday,Normal,0,892,807,807,Vendor C,6,85,0,90.47085201793722,0.0,5
2026-06-13,Site C,Dinner,Saturday,Normal,0,725,714,699,Vendor A,10,11,15,98.48275862068967,2.100840336134454,5
2026-06-13,Site D,Breakfast,Saturday,Normal,0,262,237,237,Vendor C,5,25,0,90.45801526717557,0.0,5
2026-06-13,Site D,Lunch,Saturday,Normal,0,391,351,351,Vendor C,2,40,0,89.769820971867,0.0,5
2026-06-13,Site D,Dinner,Saturday,Normal,0,363,347,347,Vendor A,4,16,0,95.59228650137742,0.0,5
2026-06-13,Site E,Breakfast,Saturday,Normal,0,365,344,344,Vendor C,5,21,0,94.24657534246576,0.0,5
2026-06-13,Site E,Lunch,Saturday,Normal,0,586,571,570,Vendor A,1,15,1,97.44027303754265,0.17513134851138354,5
2026-06-13,Site E,Dinner,Saturday,Normal,0,512,480,480,Vendor B,5,32,0,93.75,0.0,5
2026-06-14,Site A,Breakfast,Sunday,Normal,1,427,422,409,Vendor A,7,5,13,98.82903981264637,3.080568720379147,6
2026-06-14,Site A,Lunch,Sunday,Normal,1,697,673,673,Vendor A,3,24,0,96.55667144906744,0.0,6
2026-06-14,Site A,Dinner,Sunday,Normal,1,604,525,525,Vendor A,12,79,0,86.9205298013245,0.0,6
2026-06-14,Site B,Breakfast,Sunday,Normal,1,333,299,299,Vendor C,0,34,0,89.7897897897898,0.0,6
2026-06-14,Site B,Lunch,Sunday,Normal,1,498,475,475,Vendor B,5,23,0,95.38152610441767,0.0,6
2026-06-14,Site B,Dinner,Sunday,Normal,1,474,433,433,Vendor B,4,41,0,91.35021097046413,0.0,6
2026-06-14,Site C,Breakfast,Sunday,Normal,1,533,510,510,Vendor A,7,23,0,95.68480300187618,0.0,6
2026-06-14,Site C,Lunch,Sunday,Normal,1,820,797,778,Vendor A,7,23,19,97.1951219512195,2.3839397741530743,6
2026-06-14,Site C,Dinner,Sunday,Normal,1,703,694,645,Vendor A,0,9,49,98.71977240398293,7.060518731988473,6
2026-06-14,Site D,Breakfast,Sunday,Normal,1,269,265,262,Vendor A,3,4,3,98.51301115241635,1.1320754716981132,6
2026-06-14,Site D,Lunch,Sunday,Normal,1,383,379,379,Vendor A,3,4,0,98.9556135770235,0.0,6
2026-06-14,Site D,Dinner,Sunday,Normal,1,355,288,288,Vendor C,23,67,0,81.12676056338029,0.0,6
2026-06-14,Site E,Breakfast,Sunday,Normal,1,352,327,327,Vendor B,6,25,0,92.89772727272727,0.0,6
2026-06-14,Site E,Lunch,Sunday,Normal,1,552,521,521,Vendor B,2,31,0,94.38405797101449,0.0,6
2026-06-14,Site E,Dinner,Sunday,Normal,1,579,541,505,Vendor B,9,38,36,93.43696027633851,6.654343807763401,6
2026-06-15,Site A,Breakfast,Monday,Normal,0,478,476,476,Vendor A,8,2,0,99.581589958159,0.0,0
2026-06-15,Site A,Lunch,Monday,Normal,0,783,675,675,Vendor B,20,108,0,86.20689655172413,0.0,0
2026-06-15,Site A,Dinner,Monday,Normal,0,694,629,629,Vendor C,8,65,0,90.63400576368876,0.0,0
2026-06-15,Site B,Breakfast,Monday,Normal,0,362,359,354,Vendor A,9,3,5,99.17127071823204,1.392757660167131,0
2026-06-15,Site B,Lunch,Monday,Normal,0,571,560,560,Vendor A,8,11,0,98.07355516637479,0.0,0
2026-06-15,Site B,Dinner,Monday,Normal,0,541,516,507,Vendor A,14,25,9,95.37892791127541,1.744186046511628,0
2026-06-15,Site C,Breakfast,Monday,Normal,0,591,531,531,Vendor C,13,60,0,89.84771573604061,0.0,0
2026-06-15,Site C,Lunch,Monday,Normal,0,977,971,935,Vendor A,4,6,36,99.38587512794268,3.7075180226570548,0
2026-06-15,Site C,Dinner,Monday,Normal,0,701,650,650,Vendor B,1,51,0,92.7246790299572,0.0,0
2026-06-15,Site D,Breakfast,Monday,Normal,0,342,333,319,Vendor A,10,9,14,97.36842105263158,4.2042042042042045,0
2026-06-15,Site D,Lunch,Monday,Normal,0,475,450,450,Vendor B,7,25,0,94.73684210526315,0.0,0
2026-06-15,Site D,Dinner,Monday,Normal,0,445,408,408,Vendor C,12,37,0,91.68539325842696,0.0,0
2026-06-15,Site E,Breakfast,Monday,Normal,0,476,439,439,Vendor B,5,37,0,92.22689075630252,0.0,0
2026-06-15,Site E,Lunch,Monday,Normal,0,763,705,698,Vendor C,10,58,7,92.39842726081258,0.9929078014184398,0
2026-06-15,Site E,Dinner,Monday,Normal,0,621,514,514,Vendor C,25,107,0,82.76972624798712,0.0,0
2026-06-16,Site A,Breakfast,Tuesday,Normal,0,481,447,447,Vendor B,8,34,0,92.93139293139293,0.0,1
2026-06-16,Site A,Lunch,Tuesday,Normal,0,863,860,828,Vendor A,6,3,32,99.65237543453071,3.7209302325581395,1
2026-06-16,Site A,Dinner,Tuesday,Normal,0,708,655,655,Vendor C,2,53,0,92.51412429378531,0.0,1
2026-06-16,Site B,Breakfast,Tuesday,Normal,0,409,391,391,Vendor B,6,18,0,95.59902200488997,0.0,1
2026-06-16,Site B,Lunch,Tuesday,Normal,0,597,585,585,Vendor A,10,12,0,97.98994974874373,0.0,1
2026-06-16,Site B,Dinner,Tuesday,Normal,0,499,500,500,Vendor A,8,-1,0,100.2004008016032,0.0,1
2026-06-16,Site C,Breakfast,Tuesday,Normal,0,600,576,576,Vendor A,11,24,0,96.0,0.0,1
2026-06-16,Site C,Lunch,Tuesday,Normal,0,961,961,953,Vendor A,5,0,8,100.0,0.8324661810613945,1
2026-06-16,Site C,Dinner,Tuesday,Normal,0,837,767,767,Vendor B,4,70,0,91.63679808841098,0.0,1
2026-06-16,Site D,Breakfast,Tuesday,Normal,0,311,255,255,Vendor B,33,56,0,81.9935691318328,0.0,1
2026-06-16,Site D,Lunch,Tuesday,Normal,0,504,459,459,Vendor C,7,45,0,91.07142857142857,0.0,1
2026-06-16,Site D,Dinner,Tuesday,Normal,0,479,453,453,Vendor B,7,26,0,94.57202505219206,0.0,1
2026-06-16,Site E,Breakfast,Tuesday,Normal,0,456,444,441,Vendor A,9,12,3,97.36842105263158,0.6756756756756757,1
2026-06-16,Site E,Lunch,Tuesday,Normal,0,758,714,670,Vendor B,3,44,44,94.1952506596306,6.162464985994398,1
2026-06-16,Site E,Dinner,Tuesday,Normal,0,596,585,585,Vendor A,9,11,0,98.15436241610739,0.0,1
2026-06-17,Site A,Breakfast,Wednesday,Normal,0,588,566,554,Vendor A,7,22,12,96.25850340136054,2.1201413427561837,2
2026-06-17,Site A,Lunch,Wednesday,Normal,0,851,844,837,Vendor A,7,7,7,99.17743830787309,0.8293838862559242,2
2026-06-17,Site A,Dinner,Wednesday,Normal,0,744,652,652,Vendor C,8,92,0,87.63440860215054,0.0,2
2026-06-17,Site B,Breakfast,Wednesday,Normal,0,376,358,358,Vendor A,4,18,0,95.2127659574468,0.0,2
2026-06-17,Site B,Lunch,Wednesday,Normal,0,654,657,646,Vendor A,8,-3,11,100.45871559633028,1.67427701674277,2
2026-06-17,Site B,Dinner,Wednesday,Normal,0,540,499,499,Vendor C,8,41,0,92.4074074074074,0.0,2
2026-06-17,Site C,Breakfast,Wednesday,Normal,0,607,565,565,Vendor B,4,42,0,93.08072487644151,0.0,2
2026-06-17,Site C,Lunch,Wednesday,Normal,0,924,899,899,Vendor A,6,25,0,97.2943722943723,0.0,2
2026-06-17,Site C,Dinner,Wednesday,Normal,0,930,865,865,Vendor B,9,65,0,93.01075268817203,0.0,2
2026-06-17,Site D,Breakfast,Wednesday,Normal,0,314,293,293,Vendor C,8,21,0,93.31210191082803,0.0,2
2026-06-17,Site D,Lunch,Wednesday,Normal,0,463,423,423,Vendor C,7,40,0,91.36069114470843,0.0,2
2026-06-17,Site D,Dinner,Wednesday,Normal,0,403,390,390,Vendor A,5,13,0,96.7741935483871,0.0,2
2026-06-17,Site E,Breakfast,Wednesday,Normal,0,472,445,441,Vendor B,7,27,4,94.27966101694916,0.8988764044943821,2
2026-06-17,Site E,Lunch,Wednesday,Normal,0,775,747,747,Vendor A,7,28,0,96.38709677419355,0.0,2
2026-06-17,Site E,Dinner,Wednesday,Normal,0,687,660,660,Vendor B,10,27,0,96.06986899563319,0.0,2
2026-06-18,Site A,Breakfast,Thursday,Rain,0,484,445,445,Vendor B,6,39,0,91.94214876033058,0.0,3
2026-06-18,Site A,Lunch,Thursday,Rain,0,751,710,710,Vendor B,13,41,0,94.54061251664447,0.0,3
2026-06-18,Site A,Dinner,Thursday,Rain,0,708,655,655,Vendor B,8,53,0,92.51412429378531,0.0,3
2026-06-18,Site B,Breakfast,Thursday,Rain,0,354,310,310,Vendor A,21,44,0,87.57062146892656,0.0,3
2026-06-18,Site B,Lunch,Thursday,Rain,0,568,537,537,Vendor B,9,31,0,94.54225352112677,0.0,3
2026-06-18,Site B,Dinner,Thursday,Rain,0,503,459,459,Vendor C,8,44,0,91.25248508946322,0.0,3
2026-06-18,Site C,Breakfast,Thursday,Rain,0,570,540,540,Vendor B,7,30,0,94.73684210526315,0.0,3
2026-06-18,Site C,Lunch,Thursday,Rain,0,966,931,931,Vendor A,12,35,0,96.37681159420289,0.0,3
2026-06-18,Site C,Dinner,Thursday,Rain,0,777,724,724,Vendor B,9,53,0,93.17889317889318,0.0,3
2026-06-18,Site D,Breakfast,Thursday,Rain,0,292,267,267,Vendor C,7,25,0,91.43835616438356,0.0,3
2026-06-18,Site D,Lunch,Thursday,Rain,0,484,470,470,Vendor A,12,14,0,97.10743801652893,0.0,3
2026-06-18,Site D,Dinner,Thursday,Rain,0,385,367,367,Vendor A,6,18,0,95.32467532467533,0.0,3
2026-06-18,Site E,Breakfast,Thursday,Rain,0,419,415,415,Vendor A,3,4,0,99.0453460620525,0.0,3
2026-06-18,Site E,Lunch,Thursday,Rain,0,696,668,644,Vendor A,4,28,24,95.97701149425288,3.592814371257485,3
2026-06-18,Site E,Dinner,Thursday,Rain,0,589,547,547,Vendor B,7,42,0,92.86926994906621,0.0,3
2026-06-19,Site A,Breakfast,Friday,Cloudy,0,533,507,507,Vendor B,4,26,0,95.1219512195122,0.0,4
2026-06-19,Site A,Lunch,Friday,Cloudy,0,923,883,883,Vendor A,6,40,0,95.66630552546046,0.0,4
2026-06-19,Site A,Dinner,Friday,Cloudy,0,828,782,770,Vendor B,12,46,12,94.44444444444444,1.5345268542199488,4
2026-06-19,Site B,Breakfast,Friday,Cloudy,0,432,423,416,Vendor A,4,9,7,97.91666666666666,1.6548463356973995,4
2026-06-19,Site B,Lunch,Friday,Cloudy,0,728,674,674,Vendor B,9,54,0,92.58241758241759,0.0,4
2026-06-19,Site B,Dinner,Friday,Cloudy,0,556,499,499,Vendor C,10,57,0,89.74820143884892,0.0,4
2026-06-19,Site C,Breakfast,Friday,Cloudy,0,632,632,609,Vendor A,8,0,23,100.0,3.6392405063291138,4
2026-06-19,Site C,Lunch,Friday,Cloudy,0,1030,933,933,Vendor C,9,97,0,90.58252427184466,0.0,4
2026-06-19,Site C,Dinner,Friday,Cloudy,0,920,866,866,Vendor B,0,54,0,94.1304347826087,0.0,4
2026-06-19,Site D,Breakfast,Friday,Cloudy,0,351,339,337,Vendor B,8,12,2,96.58119658119658,0.5899705014749262,4
2026-06-19,Site D,Lunch,Friday,Cloudy,0,575,519,519,Vendor B,6,56,0,90.26086956521739,0.0,4
2026-06-19,Site D,Dinner,Friday,Cloudy,0,482,479,458,Vendor A,6,3,21,99.37759336099586,4.3841336116910234,4
2026-06-19,Site E,Breakfast,Friday,Cloudy,0,527,510,489,Vendor A,10,17,21,96.7741935483871,4.117647058823529,4
2026-06-19,Site E,Lunch,Friday,Cloudy,0,790,775,775,Vendor A,9,15,0,98.10126582278481,0.0,4
2026-06-19,Site E,Dinner,Friday,Cloudy,0,692,694,668,Vendor A,9,-2,26,100.28901734104045,3.7463976945244957,4
2026-06-20,Site A,Breakfast,Saturday,Normal,0,428,411,411,Vendor B,2,17,0,96.02803738317756,0.0,5
2026-06-20,Site A,Lunch,Saturday,Normal,0,739,713,675,Vendor A,3,26,38,96.48173207036535,5.329593267882188,5
2026-06-20,Site A,Dinner,Saturday,Normal,0,512,486,486,Vendor B,2,26,0,94.921875,0.0,5
2026-06-20,Site B,Breakfast,Saturday,Normal,0,328,322,311,Vendor A,3,6,11,98.17073170731707,3.4161490683229814,5
2026-06-20,Site B,Lunch,Saturday,Normal,0,479,439,439,Vendor B,2,40,0,91.64926931106471,0.0,5
2026-06-20,Site B,Dinner,Saturday,Normal,0,438,405,405,Vendor B,4,33,0,92.46575342465754,0.0,5
2026-06-20,Site C,Breakfast,Saturday,Normal,0,502,457,457,Vendor C,5,45,0,91.03585657370517,0.0,5
2026-06-20,Site C,Lunch,Saturday,Normal,0,751,730,730,Vendor A,2,21,0,97.20372836218375,0.0,5
2026-06-20,Site C,Dinner,Saturday,Normal,0,683,576,576,Vendor A,14,107,0,84.33382137628112,0.0,5
2026-06-20,Site D,Breakfast,Saturday,Normal,0,227,223,223,Vendor A,3,4,0,98.23788546255507,0.0,5
2026-06-20,Site D,Lunch,Saturday,Normal,0,438,411,409,Vendor C,3,27,2,93.83561643835617,0.48661800486618007,5
2026-06-20,Site D,Dinner,Saturday,Normal,0,348,328,328,Vendor B,6,20,0,94.25287356321839,0.0,5
2026-06-20,Site E,Breakfast,Saturday,Normal,0,381,365,362,Vendor A,10,16,3,95.8005249343832,0.821917808219178,5
2026-06-20,Site E,Lunch,Saturday,Normal,0,560,540,540,Vendor A,1,20,0,96.42857142857143,0.0,5
2026-06-20,Site E,Dinner,Saturday,Normal,0,503,493,493,Vendor A,6,10,0,98.01192842942345,0.0,5
2026-06-21,Site A,Breakfast,Sunday,Normal,0,403,393,393,Vendor A,7,10,0,97.51861042183623,0.0,6
2026-06-21,Site A,Lunch,Sunday,Normal,0,584,554,554,Vendor B,6,30,0,94.86301369863014,0.0,6
2026-06-21,Site A,Dinner,Sunday,Normal,0,545,508,508,Vendor B,8,37,0,93.21100917431193,0.0,6
2026-06-21,Site B,Breakfast,Sunday,Normal,0,299,252,252,Vendor A,27,47,0,84.2809364548495,0.0,6
2026-06-21,Site B,Lunch,Sunday,Normal,0,462,458,456,Vendor A,4,4,2,99.13419913419914,0.43668122270742354,6
2026-06-21,Site B,Dinner,Sunday,Normal,0,414,402,402,Vendor A,12,12,0,97.10144927536231,0.0,6
2026-06-21,Site C,Breakfast,Sunday,Normal,0,430,425,420,Vendor A,7,5,5,98.83720930232558,1.1764705882352942,6
2026-06-21,Site C,Lunch,Sunday,Normal,0,696,653,653,Vendor B,4,43,0,93.82183908045977,0.0,6
2026-06-21,Site C,Dinner,Sunday,Normal,0,617,585,585,Vendor A,8,32,0,94.81361426256078,0.0,6
2026-06-21,Site D,Breakfast,Sunday,Normal,0,222,207,207,Vendor B,6,15,0,93.24324324324324,0.0,6
2026-06-21,Site D,Lunch,Sunday,Normal,0,346,352,344,Vendor A,6,-6,8,101.73410404624276,2.272727272727273,6
2026-06-21,Site D,Dinner,Sunday,Normal,0,347,321,321,Vendor C,1,26,0,92.507204610951,0.0,6
2026-06-21,Site E,Breakfast,Sunday,Normal,0,306,301,301,Vendor A,4,5,0,98.36601307189542,0.0,6
2026-06-21,Site E,Lunch,Sunday,Normal,0,495,466,466,Vendor B,4,29,0,94.14141414141413,0.0,6
2026-06-21,Site E,Dinner,Sunday,Normal,0,460,408,408,Vendor C,1,52,0,88.69565217391305,0.0,6
2026-06-22,Site A,Breakfast,Monday,Normal,0,421,395,395,Vendor B,10,26,0,93.82422802850357,0.0,0
2026-06-22,Site A,Lunch,Monday,Normal,0,861,778,778,Vendor C,7,83,0,90.36004645760744,0.0,0
2026-06-22,Site A,Dinner,Monday,Normal,0,749,715,707,Vendor A,13,34,8,95.46061415220294,1.118881118881119,0
2026-06-22,Site B,Breakfast,Monday,Normal,0,369,345,345,Vendor B,7,24,0,93.4959349593496,0.0,0
2026-06-22,Site B,Lunch,Monday,Normal,0,568,533,533,Vendor B,9,35,0,93.83802816901408,0.0,0
2026-06-22,Site B,Dinner,Monday,Normal,0,516,465,465,Vendor C,9,51,0,90.11627906976744,0.0,0
2026-06-22,Site C,Breakfast,Monday,Normal,0,557,508,508,Vendor B,3,49,0,91.20287253141831,0.0,0
2026-06-22,Site C,Lunch,Monday,Normal,0,854,823,823,Vendor A,1,31,0,96.37002341920375,0.0,0
2026-06-22,Site C,Dinner,Monday,Normal,0,869,834,834,Vendor A,2,35,0,95.97238204833141,0.0,0
2026-06-22,Site D,Breakfast,Monday,Normal,0,307,302,291,Vendor A,5,5,11,98.37133550488599,3.642384105960265,0
2026-06-22,Site D,Lunch,Monday,Normal,0,472,417,417,Vendor C,6,55,0,88.34745762711864,0.0,0
2026-06-22,Site D,Dinner,Monday,Normal,0,388,352,352,Vendor C,2,36,0,90.72164948453609,0.0,0
2026-06-22,Site E,Breakfast,Monday,Normal,0,457,446,438,Vendor A,4,11,8,97.59299781181619,1.7937219730941705,0
2026-06-22,Site E,Lunch,Monday,Normal,0,773,706,706,Vendor C,3,67,0,91.33247089262613,0.0,0
2026-06-22,Site E,Dinner,Monday,Normal,0,580,550,550,Vendor B,9,30,0,94.82758620689656,0.0,0
2026-06-23,Site A,Breakfast,Tuesday,Rain,0,471,457,457,Vendor A,8,14,0,97.0276008492569,0.0,1
2026-06-23,Site A,Lunch,Tuesday,Rain,0,816,749,749,Vendor B,4,67,0,91.7892156862745,0.0,1
2026-06-23,Site A,Dinner,Tuesday,Rain,0,666,639,639,Vendor B,8,27,0,95.94594594594594,0.0,1
2026-06-23,Site B,Breakfast,Tuesday,Rain,0,331,312,312,Vendor B,13,19,0,94.25981873111783,0.0,1
2026-06-23,Site B,Lunch,Tuesday,Rain,0,589,573,573,Vendor A,5,16,0,97.28353140916808,0.0,1
2026-06-23,Site B,Dinner,Tuesday,Rain,0,506,494,494,Vendor A,2,12,0,97.62845849802372,0.0,1
2026-06-23,Site C,Breakfast,Tuesday,Rain,0,575,568,543,Vendor A,8,7,25,98.78260869565217,4.401408450704225,1
2026-06-23,Site C,Lunch,Tuesday,Rain,0,862,789,789,Vendor C,11,73,0,91.53132250580046,0.0,1
2026-06-23,Site C,Dinner,Tuesday,Rain,0,779,766,766,Vendor A,6,13,0,98.33119383825417,0.0,1
2026-06-23,Site D,Breakfast,Tuesday,Rain,0,274,263,263,Vendor A,8,11,0,95.98540145985402,0.0,1
2026-06-23,Site D,Lunch,Tuesday,Rain,0,445,431,431,Vendor B,11,14,0,96.85393258426967,0.0,1
2026-06-23,Site D,Dinner,Tuesday,Rain,0,419,403,397,Vendor A,7,16,6,96.18138424821002,1.488833746898263,1
2026-06-23,Site E,Breakfast,Tuesday,Rain,0,471,444,429,Vendor A,9,27,15,94.26751592356688,3.3783783783783785,1
2026-06-23,Site E,Lunch,Tuesday,Rain,0,668,646,638,Vendor A,5,22,8,96.7065868263473,1.238390092879257,1
2026-06-23,Site E,Dinner,Tuesday,Rain,0,560,549,549,Vendor A,6,11,0,98.03571428571428,0.0,1
2026-06-24,Site A,Breakfast,Wednesday,Normal,0,510,484,484,Vendor B,10,26,0,94.90196078431372,0.0,2
2026-06-24,Site A,Lunch,Wednesday,Normal,0,885,857,857,Vendor B,3,28,0,96.8361581920904,0.0,2
2026-06-24,Site A,Dinner,Wednesday,Normal,0,775,715,715,Vendor C,2,60,0,92.25806451612904,0.0,2
2026-06-24,Site B,Breakfast,Wednesday,Normal,0,376,348,348,Vendor C,6,28,0,92.5531914893617,0.0,2
2026-06-24,Site B,Lunch,Wednesday,Normal,0,620,602,602,Vendor A,5,18,0,97.09677419354838,0.0,2
2026-06-24,Site B,Dinner,Wednesday,Normal,0,536,526,526,Vendor A,5,10,0,98.13432835820896,0.0,2
2026-06-24,Site C,Breakfast,Wednesday,Normal,0,590,500,500,Vendor B,18,90,0,84.7457627118644,0.0,2
2026-06-24,Site C,Lunch,Wednesday,Normal,0,902,837,837,Vendor B,10,65,0,92.79379157427938,0.0,2
2026-06-24,Site C,Dinner,Wednesday,Normal,0,795,746,746,Vendor B,6,49,0,93.83647798742139,0.0,2
2026-06-24,Site D,Breakfast,Wednesday,Normal,0,296,294,278,Vendor A,7,2,16,99.32432432432432,5.442176870748299,2
2026-06-24,Site D,Lunch,Wednesday,Normal,0,480,456,456,Vendor A,4,24,0,95.0,0.0,2
2026-06-24,Site D,Dinner,Wednesday,Normal,0,431,391,391,Vendor B,11,40,0,90.71925754060325,0.0,2
2026-06-24,Site E,Breakfast,Wednesday,Normal,0,418,399,399,Vendor B,8,19,0,95.45454545454545,0.0,2
2026-06-24,Site E,Lunch,Wednesday,Normal,0,749,730,730,Vendor A,6,19,0,97.46328437917224,0.0,2
2026-06-24,Site E,Dinner,Wednesday,Normal,0,647,556,556,Vendor B,19,91,0,85.93508500772798,0.0,2
2026-06-25,Site A,Breakfast,Thursday,Normal,0,532,500,498,Vendor B,13,32,2,93.98496240601504,0.4,3
2026-06-25,Site A,Lunch,Thursday,Normal,0,897,844,844,Vendor B,10,53,0,94.09141583054627,0.0,3
2026-06-25,Site A,Dinner,Thursday,Normal,0,699,679,679,Vendor A,9,20,0,97.13876967095851,0.0,3
2026-06-25,Site B,Breakfast,Thursday,Normal,0,365,367,365,Vendor A,8,-2,2,100.54794520547945,0.544959128065395,3
2026-06-25,Site B,Lunch,Thursday,Normal,0,593,576,576,Vendor A,10,17,0,97.13322091062395,0.0,3
2026-06-25,Site B,Dinner,Thursday,Normal,0,513,513,513,Vendor A,10,0,0,100.0,0.0,3
2026-06-25,Site C,Breakfast,Thursday,Normal,0,575,557,557,Vendor A,6,18,0,96.86956521739131,0.0,3
2026-06-25,Site C,Lunch,Thursday,Normal,0,936,891,891,Vendor B,12,45,0,95.1923076923077,0.0,3
2026-06-25,Site C,Dinner,Thursday,Normal,0,862,849,847,Vendor A,8,13,2,98.49187935034803,0.23557126030624262,3
2026-06-25,Site D,Breakfast,Thursday,Normal,0,303,302,296,Vendor A,8,1,6,99.66996699669967,1.9867549668874174,3
2026-06-25,Site D,Lunch,Thursday,Normal,0,505,460,460,Vendor C,7,45,0,91.0891089108911,0.0,3
2026-06-25,Site D,Dinner,Thursday,Normal,0,422,414,414,Vendor A,5,8,0,98.10426540284361,0.0,3
2026-06-25,Site E,Breakfast,Thursday,Normal,0,402,398,398,Vendor A,2,4,0,99.00497512437812,0.0,3
2026-06-25,Site E,Lunch,Thursday,Normal,0,756,673,673,Vendor C,12,83,0,89.02116402116403,0.0,3
2026-06-25,Site E,Dinner,Thursday,Normal,0,668,619,619,Vendor B,5,49,0,92.66467065868264,0.0,3
2026-06-26,Site A,Breakfast,Friday,Normal,0,533,521,521,Vendor A,4,12,0,97.74859287054409,0.0,4
2026-06-26,Site A,Lunch,Friday,Normal,0,799,806,806,Vendor A,9,-7,0,100.87609511889863,0.0,4
2026-06-26,Site A,Dinner,Friday,Normal,0,758,737,737,Vendor A,13,21,0,97.22955145118733,0.0,4
2026-06-26,Site B,Breakfast,Friday,Normal,0,377,367,367,Vendor A,7,10,0,97.34748010610079,0.0,4
2026-06-26,Site B,Lunch,Friday,Normal,0,661,651,651,Vendor A,7,10,0,98.48714069591527,0.0,4
2026-06-26,Site B,Dinner,Friday,Normal,0,568,557,552,Vendor A,9,11,5,98.06338028169014,0.8976660682226212,4
2026-06-26,Site C,Breakfast,Friday,Normal,0,660,595,595,Vendor C,6,65,0,90.15151515151516,0.0,4
2026-06-26,Site C,Lunch,Friday,Normal,0,964,916,916,Vendor A,6,48,0,95.0207468879668,0.0,4
2026-06-26,Site C,Dinner,Friday,Normal,0,844,828,828,Vendor A,9,16,0,98.10426540284361,0.0,4
2026-06-26,Site D,Breakfast,Friday,Normal,0,329,317,315,Vendor A,11,12,2,96.35258358662614,0.6309148264984227,4
2026-06-26,Site D,Lunch,Friday,Normal,0,563,541,532,Vendor B,8,22,9,96.0923623445826,1.6635859519408502,4
2026-06-26,Site D,Dinner,Friday,Normal,0,476,450,450,Vendor B,6,26,0,94.53781512605042,0.0,4
2026-06-26,Site E,Breakfast,Friday,Normal,0,438,423,423,Vendor A,6,15,0,96.57534246575342,0.0,4
2026-06-26,Site E,Lunch,Friday,Normal,0,766,707,707,Vendor C,5,59,0,92.2976501305483,0.0,4
2026-06-26,Site E,Dinner,Friday,Normal,0,733,750,690,Vendor A,10,-17,60,102.31923601637108,8.0,4
2026-06-27,Site A,Breakfast,Saturday,Rain,0,452,417,417,Vendor C,1,35,0,92.2566371681416,0.0,5
2026-06-27,Site A,Lunch,Saturday,Rain,0,581,551,551,Vendor B,8,30,0,94.83648881239243,0.0,5
2026-06-27,Site A,Dinner,Saturday,Rain,0,565,538,538,Vendor A,0,27,0,95.2212389380531,0.0,5
2026-06-27,Site B,Breakfast,Saturday,Rain,0,298,288,282,Vendor A,7,10,6,96.64429530201343,2.083333333333333,5
2026-06-27,Site B,Lunch,Saturday,Rain,0,444,430,430,Vendor A,11,14,0,96.84684684684684,0.0,5
2026-06-27,Site B,Dinner,Saturday,Rain,0,417,381,381,Vendor C,6,36,0,91.36690647482014,0.0,5
2026-06-27,Site C,Breakfast,Saturday,Rain,0,449,425,425,Vendor B,2,24,0,94.65478841870824,0.0,5
2026-06-27,Site C,Lunch,Saturday,Rain,0,809,751,751,Vendor B,5,58,0,92.83065512978986,0.0,5
2026-06-27,Site C,Dinner,Saturday,Rain,0,634,586,586,Vendor C,9,48,0,92.42902208201893,0.0,5
2026-06-27,Site D,Breakfast,Saturday,Rain,0,255,254,248,Vendor A,7,1,6,99.6078431372549,2.3622047244094486,5
2026-06-27,Site D,Lunch,Saturday,Rain,0,368,359,353,Vendor A,8,9,6,97.55434782608695,1.6713091922005572,5
2026-06-27,Site D,Dinner,Saturday,Rain,0,330,325,325,Vendor A,0,5,0,98.48484848484848,0.0,5
2026-06-27,Site E,Breakfast,Saturday,Rain,0,330,320,320,Vendor B,3,10,0,96.96969696969697,0.0,5
2026-06-27,Site E,Lunch,Saturday,Rain,0,574,542,542,Vendor B,10,32,0,94.42508710801394,0.0,5
2026-06-27,Site E,Dinner,Saturday,Rain,0,476,450,450,Vendor B,8,26,0,94.53781512605042,0.0,5
2026-06-28,Site A,Breakfast,Sunday,Normal,0,355,340,340,Vendor A,9,15,0,95.77464788732394,0.0,6
2026-06-28,Site A,Lunch,Sunday,Normal,0,617,543,543,Vendor A,26,74,0,88.0064829821718,0.0,6
2026-06-28,Site A,Dinner,Sunday,Normal,0,505,459,459,Vendor C,3,46,0,90.89108910891089,0.0,6
2026-06-28,Site B,Breakfast,Sunday,Normal,0,312,303,303,Vendor B,3,9,0,97.11538461538461,0.0,6
2026-06-28,Site B,Lunch,Sunday,Normal,0,498,488,458,Vendor A,5,10,30,97.99196787148594,6.147540983606557,6
2026-06-28,Site B,Dinner,Sunday,Normal,0,427,399,399,Vendor B,4,28,0,93.44262295081968,0.0,6
2026-06-28,Site C,Breakfast,Sunday,Normal,0,452,427,427,Vendor B,10,25,0,94.46902654867256,0.0,6
2026-06-28,Site C,Lunch,Sunday,Normal,0,661,642,642,Vendor A,10,19,0,97.12556732223904,0.0,6
2026-06-28,Site C,Dinner,Sunday,Normal,0,561,552,552,Vendor A,6,9,0,98.3957219251337,0.0,6
2026-06-28,Site D,Breakfast,Sunday,Normal,0,244,242,229,Vendor A,4,2,13,99.18032786885246,5.371900826446281,6
2026-06-28,Site D,Lunch,Sunday,Normal,0,348,323,323,Vendor A,19,25,0,92.81609195402298,0.0,6
2026-06-28,Site D,Dinner,Sunday,Normal,0,351,335,328,Vendor B,9,16,7,95.44159544159544,2.0895522388059704,6
2026-06-28,Site E,Breakfast,Sunday,Normal,0,354,339,334,Vendor A,8,15,5,95.76271186440678,1.4749262536873156,6
2026-06-28,Site E,Lunch,Sunday,Normal,0,533,515,515,Vendor A,3,18,0,96.62288930581614,0.0,6
2026-06-28,Site E,Dinner,Sunday,Normal,0,534,523,483,Vendor A,2,11,40,97.94007490636703,7.648183556405354,6
2026-06-29,Site A,Breakfast,Monday,Rain,0,466,458,456,Vendor A,7,8,2,98.28326180257511,0.43668122270742354,0
2026-06-29,Site A,Lunch,Monday,Rain,0,798,718,718,Vendor C,2,80,0,89.97493734335839,0.0,0
2026-06-29,Site A,Dinner,Monday,Rain,0,726,698,698,Vendor A,12,28,0,96.14325068870524,0.0,0
2026-06-29,Site B,Breakfast,Monday,Rain,0,352,338,337,Vendor B,9,14,1,96.02272727272727,0.2958579881656805,0
2026-06-29,Site B,Lunch,Monday,Rain,0,587,551,551,Vendor B,4,36,0,93.8671209540034,0.0,0
2026-06-29,Site B,Dinner,Monday,Rain,0,551,526,512,Vendor B,6,25,14,95.4627949183303,2.6615969581749046,0
2026-06-29,Site C,Breakfast,Monday,Rain,0,543,521,521,Vendor A,4,22,0,95.94843462246777,0.0,0
2026-06-29,Site C,Lunch,Monday,Rain,0,873,844,844,Vendor A,7,29,0,96.67812142038946,0.0,0
2026-06-29,Site C,Dinner,Monday,Rain,0,814,757,757,Vendor B,4,57,0,92.997542997543,0.0,0
2026-06-29,Site D,Breakfast,Monday,Rain,0,255,247,247,Vendor A,9,8,0,96.86274509803921,0.0,0
2026-06-29,Site D,Lunch,Monday,Rain,0,450,434,430,Vendor A,6,16,4,96.44444444444444,0.9216589861751152,0
2026-06-29,Site D,Dinner,Monday,Rain,0,370,356,356,Vendor A,5,14,0,96.21621621621622,0.0,0
2026-06-29,Site E,Breakfast,Monday,Rain,0,419,394,394,Vendor B,2,25,0,94.03341288782816,0.0,0
2026-06-29,Site E,Lunch,Monday,Rain,0,640,596,596,Vendor C,9,44,0,93.125,0.0,0
2026-06-29,Site E,Dinner,Monday,Rain,0,613,566,566,Vendor C,7,47,0,92.33278955954323,0.0,0
2026-06-30,Site A,Breakfast,Tuesday,Normal,1,567,558,554,Vendor A,7,9,4,98.4126984126984,0.7168458781362007,1
2026-06-30,Site A,Lunch,Tuesday,Normal,1,902,818,818,Vendor B,9,84,0,90.68736141906874,0.0,1
2026-06-30,Site A,Dinner,Tuesday,Normal,1,828,792,792,Vendor A,7,36,0,95.65217391304348,0.0,1
2026-06-30,Site B,Breakfast,Tuesday,Normal,1,475,395,395,Vendor A,26,80,0,83.15789473684211,0.0,1
2026-06-30,Site B,Lunch,Tuesday,Normal,1,664,607,607,Vendor C,8,57,0,91.41566265060241,0.0,1
2026-06-30,Site B,Dinner,Tuesday,Normal,1,600,589,555,Vendor A,3,11,34,98.16666666666667,5.772495755517826,1
2026-06-30,Site C,Breakfast,Tuesday,Normal,1,688,670,642,Vendor A,8,18,28,97.38372093023256,4.179104477611941,1
2026-06-30,Site C,Lunch,Tuesday,Normal,1,966,958,958,Vendor A,7,8,0,99.17184265010351,0.0,1
2026-06-30,Site C,Dinner,Tuesday,Normal,1,868,851,851,Vendor A,8,17,0,98.04147465437788,0.0,1
2026-06-30,Site D,Breakfast,Tuesday,Normal,1,314,293,293,Vendor B,9,21,0,93.31210191082803,0.0,1
2026-06-30,Site D,Lunch,Tuesday,Normal,1,518,494,494,Vendor B,8,24,0,95.36679536679536,0.0,1
2026-06-30,Site D,Dinner,Tuesday,Normal,1,480,453,453,Vendor B,6,27,0,94.375,0.0,1
2026-06-30,Site E,Breakfast,Tuesday,Normal,1,530,482,482,Vendor C,3,48,0,90.9433962264151,0.0,1
2026-06-30,Site E,Lunch,Tuesday,Normal,1,800,763,763,Vendor B,5,37,0,95.375,0.0,1
2026-06-30,Site E,Dinner,Tuesday,Normal,1,760,740,722,Vendor A,7,20,18,97.36842105263158,2.4324324324324325,1
2026-07-01,Site A,Breakfast,Wednesday,Normal,0,548,530,523,Vendor A,11,18,7,96.71532846715328,1.3207547169811322,2
2026-07-01,Site A,Lunch,Wednesday,Normal,0,704,665,665,Vendor A,12,39,0,94.46022727272727,0.0,2
2026-07-01,Site A,Dinner,Wednesday,Normal,0,786,708,708,Vendor A,29,78,0,90.07633587786259,0.0,2
2026-07-01,Site B,Breakfast,Wednesday,Normal,0,370,343,343,Vendor C,1,27,0,92.7027027027027,0.0,2
2026-07-01,Site B,Lunch,Wednesday,Normal,0,581,532,532,Vendor C,3,49,0,91.56626506024097,0.0,2
2026-07-01,Site B,Dinner,Wednesday,Normal,0,565,534,534,Vendor A,6,31,0,94.51327433628319,0.0,2
2026-07-01,Site C,Breakfast,Wednesday,Normal,0,608,569,569,Vendor B,8,39,0,93.58552631578947,0.0,2
2026-07-01,Site C,Lunch,Wednesday,Normal,0,968,901,901,Vendor B,9,67,0,93.07851239669421,0.0,2
2026-07-01,Site C,Dinner,Wednesday,Normal,0,862,806,806,Vendor B,5,56,0,93.50348027842227,0.0,2
2026-07-01,Site D,Breakfast,Wednesday,Normal,0,319,308,308,Vendor A,13,11,0,96.55172413793103,0.0,2
2026-07-01,Site D,Lunch,Wednesday,Normal,0,465,448,448,Vendor B,11,17,0,96.34408602150538,0.0,2
2026-07-01,Site D,Dinner,Wednesday,Normal,0,450,421,413,Vendor B,11,29,8,93.55555555555556,1.9002375296912115,2
2026-07-01,Site E,Breakfast,Wednesday,Normal,0,503,468,468,Vendor B,1,35,0,93.04174950298211,0.0,2
2026-07-01,Site E,Lunch,Wednesday,Normal,0,786,755,751,Vendor A,8,31,4,96.0559796437659,0.5298013245033113,2
2026-07-01,Site E,Dinner,Wednesday,Normal,0,660,609,609,Vendor C,0,51,0,92.27272727272727,0.0,2
2026-07-02,Site A,Breakfast,Thursday,Cloudy,0,531,526,518,Vendor A,8,5,8,99.05838041431262,1.520912547528517,3
2026-07-02,Site A,Lunch,Thursday,Cloudy,0,897,845,845,Vendor B,8,52,0,94.20289855072464,0.0,3
2026-07-02,Site A,Dinner,Thursday,Cloudy,0,772,678,678,Vendor C,7,94,0,87.8238341968912,0.0,3
2026-07-02,Site B,Breakfast,Thursday,Cloudy,0,395,388,388,Vendor A,9,7,0,98.22784810126582,0.0,3
2026-07-02,Site B,Lunch,Thursday,Cloudy,0,695,659,659,Vendor B,9,36,0,94.82014388489208,0.0,3
2026-07-02,Site B,Dinner,Thursday,Cloudy,0,553,514,514,Vendor B,7,39,0,92.94755877034359,0.0,3
2026-07-02,Site C,Breakfast,Thursday,Cloudy,0,634,569,569,Vendor C,8,65,0,89.74763406940063,0.0,3
2026-07-02,Site C,Lunch,Thursday,Cloudy,0,974,985,940,Vendor A,9,-11,45,101.129363449692,4.568527918781726,3
2026-07-02,Site C,Dinner,Thursday,Cloudy,0,918,888,888,Vendor A,12,30,0,96.73202614379085,0.0,3
2026-07-02,Site D,Breakfast,Thursday,Cloudy,0,330,321,309,Vendor A,10,9,12,97.27272727272728,3.7383177570093453,3
2026-07-02,Site D,Lunch,Thursday,Cloudy,0,517,514,502,Vendor A,5,3,12,99.41972920696325,2.3346303501945527,3
2026-07-02,Site D,Dinner,Thursday,Cloudy,0,398,374,374,Vendor B,12,24,0,93.96984924623115,0.0,3
2026-07-02,Site E,Breakfast,Thursday,Cloudy,0,429,398,398,Vendor C,7,31,0,92.77389277389277,0.0,3
2026-07-02,Site E,Lunch,Thursday,Cloudy,0,751,758,758,Vendor A,8,-7,0,100.93209054593875,0.0,3
2026-07-02,Site E,Dinner,Thursday,Cloudy,0,652,600,600,Vendor C,10,52,0,92.02453987730061,0.0,3
2026-07-03,Site A,Breakfast,Friday,Hot,1,585,567,567,Vendor B,8,18,0,96.92307692307692,0.0,4
2026-07-03,Site A,Lunch,Friday,Hot,1,1033,1011,982,Vendor A,6,22,29,97.87028073572121,2.868447082096934,4
2026-07-03,Site A,Dinner,Friday,Hot,1,854,835,835,Vendor A,6,19,0,97.7751756440281,0.0,4
2026-07-03,Site B,Breakfast,Friday,Hot,1,472,457,446,Vendor A,5,15,11,96.82203389830508,2.4070021881838075,4
2026-07-03,Site B,Lunch,Friday,Hot,1,733,713,710,Vendor A,1,20,3,97.27148703956344,0.42075736325385693,4
2026-07-03,Site B,Dinner,Friday,Hot,1,611,590,590,Vendor A,6,21,0,96.56301145662847,0.0,4
2026-07-03,Site C,Breakfast,Friday,Hot,1,722,714,671,Vendor A,11,8,43,98.89196675900277,6.022408963585434,4
2026-07-03,Site C,Lunch,Friday,Hot,1,1122,1066,1058,Vendor B,3,56,8,95.00891265597147,0.7504690431519699,4
2026-07-03,Site C,Dinner,Friday,Hot,1,969,961,921,Vendor A,11,8,40,99.17440660474716,4.162330905306972,4
2026-07-03,Site D,Breakfast,Friday,Hot,1,358,347,347,Vendor A,8,11,0,96.92737430167597,0.0,4
2026-07-03,Site D,Lunch,Friday,Hot,1,520,477,477,Vendor C,13,43,0,91.73076923076923,0.0,4
2026-07-03,Site D,Dinner,Friday,Hot,1,557,513,513,Vendor B,10,44,0,92.10053859964094,0.0,4
2026-07-03,Site E,Breakfast,Friday,Hot,1,520,482,482,Vendor C,6,38,0,92.6923076923077,0.0,4
2026-07-03,Site E,Lunch,Friday,Hot,1,846,775,775,Vendor C,13,71,0,91.60756501182034,0.0,4
2026-07-03,Site E,Dinner,Friday,Hot,1,740,744,702,Vendor A,11,-4,42,100.54054054054053,5.64516129032258,4
2026-07-04,Site A,Breakfast,Saturday,Cloudy,0,475,463,457,Vendor A,4,12,6,97.47368421052632,1.2958963282937366,5
2026-07-04,Site A,Lunch,Saturday,Cloudy,0,682,683,669,Vendor A,4,-1,14,100.1466275659824,2.049780380673499,5
2026-07-04,Site A,Dinner,Saturday,Cloudy,0,609,495,495,Vendor C,23,114,0,81.2807881773399,0.0,5
2026-07-04,Site B,Breakfast,Saturday,Cloudy,0,336,306,306,Vendor C,6,30,0,91.07142857142857,0.0,5
2026-07-04,Site B,Lunch,Saturday,Cloudy,0,548,489,489,Vendor C,1,59,0,89.23357664233576,0.0,5
2026-07-04,Site B,Dinner,Saturday,Cloudy,0,472,461,447,Vendor A,7,11,14,97.66949152542372,3.036876355748373,5
2026-07-04,Site C,Breakfast,Saturday,Cloudy,0,483,463,463,Vendor A,2,20,0,95.8592132505176,0.0,5
2026-07-04,Site C,Lunch,Saturday,Cloudy,0,814,776,776,Vendor A,7,38,0,95.33169533169533,0.0,5
2026-07-04,Site C,Dinner,Saturday,Cloudy,0,686,636,636,Vendor B,8,50,0,92.71137026239067,0.0,5
2026-07-04,Site D,Breakfast,Saturday,Cloudy,0,234,226,223,Vendor A,6,8,3,96.58119658119658,1.3274336283185841,5
2026-07-04,Site D,Lunch,Saturday,Cloudy,0,401,382,382,Vendor A,9,19,0,95.26184538653366,0.0,5
2026-07-04,Site D,Dinner,Saturday,Cloudy,0,358,359,331,Vendor A,9,-1,28,100.27932960893855,7.7994428969359335,5
2026-07-04,Site E,Breakfast,Saturday,Cloudy,0,373,342,342,Vendor C,6,31,0,91.68900804289544,0.0,5
2026-07-04,Site E,Lunch,Saturday,Cloudy,0,625,606,584,Vendor A,3,19,22,96.96000000000001,3.6303630363036308,5
2026-07-04,Site E,Dinner,Saturday,Cloudy,0,482,468,468,Vendor A,7,14,0,97.0954356846473,0.0,5
2026-07-05,Site A,Breakfast,Sunday,Normal,0,385,363,363,Vendor A,8,22,0,94.28571428571428,0.0,6
2026-07-05,Site A,Lunch,Sunday,Normal,0,601,588,588,Vendor A,10,13,0,97.8369384359401,0.0,6
2026-07-05,Site A,Dinner,Sunday,Normal,0,525,500,500,Vendor B,7,25,0,95.23809523809523,0.0,6
2026-07-05,Site B,Breakfast,Sunday,Normal,0,288,280,280,Vendor A,6,8,0,97.22222222222221,0.0,6
2026-07-05,Site B,Lunch,Sunday,Normal,0,496,477,472,Vendor A,2,19,5,96.16935483870968,1.0482180293501049,6
2026-07-05,Site B,Dinner,Sunday,Normal,0,398,362,362,Vendor C,0,36,0,90.95477386934674,0.0,6
2026-07-05,Site C,Breakfast,Sunday,Normal,0,422,387,387,Vendor C,5,35,0,91.70616113744076,0.0,6
2026-07-05,Site C,Lunch,Sunday,Normal,0,680,656,656,Vendor B,9,24,0,96.47058823529412,0.0,6
2026-07-05,Site C,Dinner,Sunday,Normal,0,601,552,552,Vendor C,3,49,0,91.84692179700498,0.0,6
2026-07-05,Site D,Breakfast,Sunday,Normal,0,251,231,231,Vendor B,7,20,0,92.03187250996015,0.0,6
2026-07-05,Site D,Lunch,Sunday,Normal,0,376,366,366,Vendor A,3,10,0,97.3404255319149,0.0,6
2026-07-05,Site D,Dinner,Sunday,Normal,0,328,311,300,Vendor B,3,17,11,94.8170731707317,3.536977491961415,6
2026-07-05,Site E,Breakfast,Sunday,Normal,0,342,329,322,Vendor A,5,13,7,96.19883040935673,2.127659574468085,6
2026-07-05,Site E,Lunch,Sunday,Normal,0,549,538,527,Vendor A,7,11,11,97.99635701275045,2.0446096654275094,6
2026-07-05,Site E,Dinner,Sunday,Normal,0,434,414,414,Vendor A,7,20,0,95.39170506912443,0.0,6
2026-07-06,Site A,Breakfast,Monday,Normal,0,541,516,516,Vendor A,5,25,0,95.37892791127541,0.0,0
2026-07-06,Site A,Lunch,Monday,Normal,0,806,769,769,Vendor A,9,37,0,95.40942928039702,0.0,0
2026-07-06,Site A,Dinner,Monday,Normal,0,766,705,705,Vendor B,6,61,0,92.03655352480418,0.0,0
2026-07-06,Site B,Breakfast,Monday,Normal,0,401,360,360,Vendor C,10,41,0,89.77556109725685,0.0,0
2026-07-06,Site B,Lunch,Monday,Normal,0,589,590,589,Vendor A,8,-1,1,100.16977928692698,0.1694915254237288,0
2026-07-06,Site B,Dinner,Monday,Normal,0,578,537,520,Vendor B,6,41,17,92.90657439446368,3.165735567970205,0
2026-07-06,Site C,Breakfast,Monday,Normal,0,563,561,561,Vendor A,3,2,0,99.64476021314387,0.0,0
2026-07-06,Site C,Lunch,Monday,Normal,0,891,734,734,Vendor B,24,157,0,82.37934904601572,0.0,0
2026-07-06,Site C,Dinner,Monday,Normal,0,856,810,810,Vendor B,6,46,0,94.62616822429906,0.0,0
2026-07-06,Site D,Breakfast,Monday,Normal,0,311,286,286,Vendor C,7,25,0,91.96141479099678,0.0,0
2026-07-06,Site D,Lunch,Monday,Normal,0,435,420,420,Vendor B,8,15,0,96.55172413793103,0.0,0
2026-07-06,Site D,Dinner,Monday,Normal,0,437,394,394,Vendor C,5,43,0,90.16018306636155,0.0,0
2026-07-06,Site E,Breakfast,Monday,Normal,0,451,416,416,Vendor B,6,35,0,92.23946784922394,0.0,0
2026-07-06,Site E,Lunch,Monday,Normal,0,726,697,697,Vendor A,10,29,0,96.00550964187327,0.0,0
2026-07-06,Site E,Dinner,Monday,Normal,0,602,580,580,Vendor B,9,22,0,96.3455149501661,0.0,0
2026-07-07,Site A,Breakfast,Tuesday,Normal,0,596,557,556,Vendor B,3,39,1,93.45637583892618,0.17953321364452424,1
2026-07-07,Site A,Lunch,Tuesday,Normal,0,827,745,745,Vendor B,4,82,0,90.08464328899638,0.0,1
2026-07-07,Site A,Dinner,Tuesday,Normal,0,717,710,710,Vendor A,3,7,0,99.023709902371,0.0,1
2026-07-07,Site B,Breakfast,Tuesday,Normal,0,411,400,379,Vendor A,10,11,21,97.32360097323601,5.25,1
2026-07-07,Site B,Lunch,Tuesday,Normal,0,609,580,580,Vendor B,9,29,0,95.23809523809523,0.0,1
2026-07-07,Site B,Dinner,Tuesday,Normal,0,512,493,493,Vendor B,5,19,0,96.2890625,0.0,1
2026-07-07,Site C,Breakfast,Tuesday,Normal,0,578,538,538,Vendor C,5,40,0,93.07958477508652,0.0,1
2026-07-07,Site C,Lunch,Tuesday,Normal,0,897,830,830,Vendor C,8,67,0,92.53065774804905,0.0,1
2026-07-07,Site C,Dinner,Tuesday,Normal,0,819,810,799,Vendor A,5,9,11,98.9010989010989,1.3580246913580247,1
2026-07-07,Site D,Breakfast,Tuesday,Normal,0,301,294,293,Vendor A,6,7,1,97.67441860465115,0.3401360544217687,1
2026-07-07,Site D,Lunch,Tuesday,Normal,0,500,488,488,Vendor A,10,12,0,97.6,0.0,1
2026-07-07,Site D,Dinner,Tuesday,Normal,0,466,437,437,Vendor B,3,29,0,93.77682403433477,0.0,1
2026-07-07,Site E,Breakfast,Tuesday,Normal,0,451,436,424,Vendor A,11,15,12,96.67405764966742,2.7522935779816518,1
2026-07-07,Site E,Lunch,Tuesday,Normal,0,736,712,712,Vendor B,8,24,0,96.73913043478261,0.0,1
2026-07-07,Site E,Dinner,Tuesday,Normal,0,674,636,636,Vendor B,10,38,0,94.3620178041543,0.0,1
2026-07-08,Site A,Breakfast,Wednesday,Cloudy,0,509,414,414,Vendor B,25,95,0,81.33595284872298,0.0,2
2026-07-08,Site A,Lunch,Wednesday,Cloudy,0,926,900,870,Vendor A,8,26,30,97.19222462203024,3.3333333333333335,2
2026-07-08,Site A,Dinner,Wednesday,Cloudy,0,872,849,769,Vendor A,9,23,80,97.36238532110092,9.422850412249705,2
2026-07-08,Site B,Breakfast,Wednesday,Cloudy,0,390,370,370,Vendor C,9,20,0,94.87179487179486,0.0,2
2026-07-08,Site B,Lunch,Wednesday,Cloudy,0,630,583,583,Vendor B,7,47,0,92.53968253968254,0.0,2
2026-07-08,Site B,Dinner,Wednesday,Cloudy,0,587,567,545,Vendor A,4,20,22,96.59284497444634,3.880070546737213,2
2026-07-08,Site C,Breakfast,Wednesday,Cloudy,0,576,537,537,Vendor B,12,39,0,93.22916666666666,0.0,2
2026-07-08,Site C,Lunch,Wednesday,Cloudy,0,935,880,880,Vendor C,2,55,0,94.11764705882352,0.0,2
2026-07-08,Site C,Dinner,Wednesday,Cloudy,0,867,831,831,Vendor B,7,36,0,95.8477508650519,0.0,2
2026-07-08,Site D,Breakfast,Wednesday,Cloudy,0,365,340,334,Vendor B,4,25,6,93.15068493150685,1.7647058823529411,2
2026-07-08,Site D,Lunch,Wednesday,Cloudy,0,477,461,461,Vendor A,8,16,0,96.64570230607966,0.0,2
2026-07-08,Site D,Dinner,Wednesday,Cloudy,0,441,361,361,Vendor C,23,80,0,81.85941043083899,0.0,2
2026-07-08,Site E,Breakfast,Wednesday,Cloudy,0,403,358,358,Vendor C,11,45,0,88.83374689826302,0.0,2
2026-07-08,Site E,Lunch,Wednesday,Cloudy,0,717,644,644,Vendor C,4,73,0,89.8186889818689,0.0,2
2026-07-08,Site E,Dinner,Wednesday,Cloudy,0,662,646,646,Vendor A,8,16,0,97.58308157099698,0.0,2
2026-07-09,Site A,Breakfast,Thursday,Rain,0,525,484,484,Vendor C,10,41,0,92.19047619047619,0.0,3
2026-07-09,Site A,Lunch,Thursday,Rain,0,889,867,816,Vendor A,5,22,51,97.52530933633295,5.88235294117647,3
2026-07-09,Site A,Dinner,Thursday,Rain,0,731,730,730,Vendor A,9,1,0,99.86320109439124,0.0,3
2026-07-09,Site B,Breakfast,Thursday,Rain,0,362,341,341,Vendor B,2,21,0,94.1988950276243,0.0,3
2026-07-09,Site B,Lunch,Thursday,Rain,0,602,540,540,Vendor C,9,62,0,89.70099667774086,0.0,3
2026-07-09,Site B,Dinner,Thursday,Rain,0,572,545,521,Vendor A,5,27,24,95.27972027972028,4.4036697247706424,3
2026-07-09,Site C,Breakfast,Thursday,Rain,0,527,514,514,Vendor A,13,13,0,97.53320683111954,0.0,3
2026-07-09,Site C,Lunch,Thursday,Rain,0,901,830,830,Vendor C,10,71,0,92.11986681465038,0.0,3
2026-07-09,Site C,Dinner,Thursday,Rain,0,751,693,693,Vendor C,6,58,0,92.27696404793608,0.0,3
2026-07-09,Site D,Breakfast,Thursday,Rain,0,269,257,257,Vendor B,7,12,0,95.53903345724906,0.0,3
2026-07-09,Site D,Lunch,Thursday,Rain,0,435,418,418,Vendor B,7,17,0,96.0919540229885,0.0,3
2026-07-09,Site D,Dinner,Thursday,Rain,0,408,355,355,Vendor C,8,53,0,87.00980392156863,0.0,3
2026-07-09,Site E,Breakfast,Thursday,Rain,0,466,433,433,Vendor C,6,33,0,92.91845493562232,0.0,3
2026-07-09,Site E,Lunch,Thursday,Rain,0,682,668,668,Vendor A,8,14,0,97.94721407624634,0.0,3
2026-07-09,Site E,Dinner,Thursday,Rain,0,646,636,614,Vendor A,8,10,22,98.45201238390094,3.459119496855346,3
2026-07-10,Site A,Breakfast,Friday,Normal,0,640,620,592,Vendor A,11,20,28,96.875,4.516129032258064,4
2026-07-10,Site A,Lunch,Friday,Normal,0,910,827,827,Vendor A,21,83,0,90.87912087912088,0.0,4
2026-07-10,Site A,Dinner,Friday,Normal,0,809,801,766,Vendor A,6,8,35,99.01112484548825,4.369538077403246,4
2026-07-10,Site B,Breakfast,Friday,Normal,0,403,380,380,Vendor B,15,23,0,94.29280397022333,0.0,4
2026-07-10,Site B,Lunch,Friday,Normal,0,703,675,675,Vendor A,2,28,0,96.01706970128022,0.0,4
2026-07-10,Site B,Dinner,Friday,Normal,0,550,534,534,Vendor A,6,16,0,97.0909090909091,0.0,4
2026-07-10,Site C,Breakfast,Friday,Normal,0,659,614,607,Vendor B,7,45,7,93.17147192716236,1.1400651465798046,4
2026-07-10,Site C,Lunch,Friday,Normal,0,957,894,894,Vendor B,4,63,0,93.41692789968651,0.0,4
2026-07-10,Site C,Dinner,Friday,Normal,0,840,830,830,Vendor A,8,10,0,98.80952380952381,0.0,4
2026-07-10,Site D,Breakfast,Friday,Normal,0,366,361,340,Vendor A,7,5,21,98.63387978142076,5.8171745152354575,4
2026-07-10,Site D,Lunch,Friday,Normal,0,520,510,505,Vendor A,5,10,5,98.07692307692307,0.9803921568627451,4
2026-07-10,Site D,Dinner,Friday,Normal,0,474,435,435,Vendor B,4,39,0,91.77215189873418,0.0,4
2026-07-10,Site E,Breakfast,Friday,Normal,0,493,469,469,Vendor B,10,24,0,95.131845841785,0.0,4
2026-07-10,Site E,Lunch,Friday,Normal,0,811,795,763,Vendor A,11,16,32,98.02712700369914,4.0251572327044025,4
2026-07-10,Site E,Dinner,Friday,Normal,0,666,665,657,Vendor A,3,1,8,99.84984984984985,1.2030075187969926,4
2026-07-11,Site A,Breakfast,Saturday,Normal,0,418,397,397,Vendor B,7,21,0,94.97607655502392,0.0,5
2026-07-11,Site A,Lunch,Saturday,Normal,0,675,652,652,Vendor B,0,23,0,96.5925925925926,0.0,5
2026-07-11,Site A,Dinner,Saturday,Normal,0,584,568,568,Vendor A,3,16,0,97.26027397260275,0.0,5
2026-07-11,Site B,Breakfast,Saturday,Normal,0,324,315,315,Vendor A,5,9,0,97.22222222222221,0.0,5
2026-07-11,Site B,Lunch,Saturday,Normal,0,516,474,474,Vendor C,9,42,0,91.86046511627907,0.0,5
2026-07-11,Site B,Dinner,Saturday,Normal,0,425,407,407,Vendor B,9,18,0,95.76470588235294,0.0,5
2026-07-11,Site C,Breakfast,Saturday,Normal,0,468,444,444,Vendor A,0,24,0,94.87179487179486,0.0,5
2026-07-11,Site C,Lunch,Saturday,Normal,0,694,681,681,Vendor A,5,13,0,98.12680115273776,0.0,5
2026-07-11,Site C,Dinner,Saturday,Normal,0,713,671,671,Vendor B,6,42,0,94.109396914446,0.0,5
2026-07-11,Site D,Breakfast,Saturday,Normal,0,270,244,244,Vendor C,4,26,0,90.37037037037037,0.0,5
2026-07-11,Site D,Lunch,Saturday,Normal,0,402,364,364,Vendor C,7,38,0,90.54726368159204,0.0,5
2026-07-11,Site D,Dinner,Saturday,Normal,0,350,329,329,Vendor B,7,21,0,94.0,0.0,5
2026-07-11,Site E,Breakfast,Saturday,Normal,0,312,304,304,Vendor A,10,8,0,97.43589743589743,0.0,5
2026-07-11,Site E,Lunch,Saturday,Normal,0,590,570,570,Vendor A,5,20,0,96.61016949152543,0.0,5
2026-07-11,Site E,Dinner,Saturday,Normal,0,558,524,524,Vendor B,7,34,0,93.9068100358423,0.0,5
2026-07-12,Site A,Breakfast,Sunday,Normal,0,392,361,361,Vendor B,5,31,0,92.09183673469387,0.0,6
2026-07-12,Site A,Lunch,Sunday,Normal,0,625,575,575,Vendor C,7,50,0,92.0,0.0,6
2026-07-12,Site A,Dinner,Sunday,Normal,0,521,508,508,Vendor A,3,13,0,97.50479846449136,0.0,6
2026-07-12,Site B,Breakfast,Sunday,Normal,0,262,237,237,Vendor C,2,25,0,90.45801526717557,0.0,6
2026-07-12,Site B,Lunch,Sunday,Normal,0,500,468,466,Vendor B,8,32,2,93.60000000000001,0.4273504273504274,6
2026-07-12,Site B,Dinner,Sunday,Normal,0,486,456,438,Vendor B,3,30,18,93.82716049382715,3.9473684210526314,6
2026-07-12,Site C,Breakfast,Sunday,Normal,0,442,409,409,Vendor B,4,33,0,92.53393665158372,0.0,6
2026-07-12,Site C,Lunch,Sunday,Normal,0,632,610,610,Vendor A,5,22,0,96.51898734177216,0.0,6
2026-07-12,Site C,Dinner,Sunday,Normal,0,676,600,600,Vendor C,1,76,0,88.75739644970415,0.0,6
2026-07-12,Site D,Breakfast,Sunday,Normal,0,213,204,204,Vendor A,9,9,0,95.77464788732394,0.0,6
2026-07-12,Site D,Lunch,Sunday,Normal,0,370,364,356,Vendor A,4,6,8,98.37837837837839,2.197802197802198,6
2026-07-12,Site D,Dinner,Sunday,Normal,0,316,302,302,Vendor B,3,14,0,95.56962025316456,0.0,6
2026-07-12,Site E,Breakfast,Sunday,Normal,0,331,323,306,Vendor A,4,8,17,97.58308157099698,5.263157894736842,6
2026-07-12,Site E,Lunch,Sunday,Normal,0,586,568,544,Vendor A,6,18,24,96.9283276450512,4.225352112676056,6
2026-07-12,Site E,Dinner,Sunday,Normal,0,434,425,425,Vendor A,0,9,0,97.92626728110599,0.0,6
2026-07-13,Site A,Breakfast,Monday,Rain,0,445,380,380,Vendor A,26,65,0,85.39325842696628,0.0,0
2026-07-13,Site A,Lunch,Monday,Rain,0,804,739,739,Vendor B,9,65,0,91.91542288557214,0.0,0
2026-07-13,Site A,Dinner,Monday,Rain,0,761,681,681,Vendor C,3,80,0,89.48751642575559,0.0,0
2026-07-13,Site B,Breakfast,Monday,Rain,0,362,340,336,Vendor B,9,22,4,93.92265193370166,1.1764705882352942,0
2026-07-13,Site B,Lunch,Monday,Rain,0,581,543,543,Vendor B,9,38,0,93.45955249569707,0.0,0
2026-07-13,Site B,Dinner,Monday,Rain,0,499,490,477,Vendor A,6,9,13,98.19639278557113,2.6530612244897958,0
2026-07-13,Site C,Breakfast,Monday,Rain,0,611,571,566,Vendor B,6,40,5,93.45335515548283,0.8756567425569177,0
2026-07-13,Site C,Lunch,Monday,Rain,0,836,815,815,Vendor A,12,21,0,97.48803827751196,0.0,0
2026-07-13,Site C,Dinner,Monday,Rain,0,837,813,763,Vendor A,3,24,50,97.1326164874552,6.150061500615006,0
2026-07-13,Site D,Breakfast,Monday,Rain,0,271,261,261,Vendor B,10,10,0,96.30996309963099,0.0,0
2026-07-13,Site D,Lunch,Monday,Rain,0,452,433,419,Vendor A,2,19,14,95.79646017699115,3.233256351039261,0
2026-07-13,Site D,Dinner,Monday,Rain,0,365,341,341,Vendor B,8,24,0,93.42465753424658,0.0,0
2026-07-13,Site E,Breakfast,Monday,Rain,0,438,414,401,Vendor B,2,24,13,94.52054794520548,3.140096618357488,0
2026-07-13,Site E,Lunch,Monday,Rain,0,670,659,631,Vendor A,9,11,28,98.35820895522389,4.24886191198786,0
2026-07-13,Site E,Dinner,Monday,Rain,0,594,537,537,Vendor C,8,57,0,90.40404040404042,0.0,0
2026-07-14,Site A,Breakfast,Tuesday,Rain,0,496,483,483,Vendor A,7,13,0,97.37903225806451,0.0,1
2026-07-14,Site A,Lunch,Tuesday,Rain,0,758,702,702,Vendor C,8,56,0,92.61213720316623,0.0,1
2026-07-14,Site A,Dinner,Tuesday,Rain,0,578,514,514,Vendor C,6,64,0,88.92733564013841,0.0,1
2026-07-14,Site B,Breakfast,Tuesday,Rain,0,365,356,356,Vendor A,8,9,0,97.53424657534246,0.0,1
2026-07-14,Site B,Lunch,Tuesday,Rain,0,622,577,577,Vendor B,9,45,0,92.7652733118971,0.0,1
2026-07-14,Site B,Dinner,Tuesday,Rain,0,520,468,468,Vendor B,0,52,0,90.0,0.0,1
2026-07-14,Site C,Breakfast,Tuesday,Rain,0,618,519,519,Vendor A,30,99,0,83.98058252427184,0.0,1
2026-07-14,Site C,Lunch,Tuesday,Rain,0,1025,999,929,Vendor A,3,26,70,97.46341463414635,7.007007007007007,1
2026-07-14,Site C,Dinner,Tuesday,Rain,0,775,722,722,Vendor B,7,53,0,93.16129032258064,0.0,1
2026-07-14,Site D,Breakfast,Tuesday,Rain,0,299,291,291,Vendor A,7,8,0,97.32441471571906,0.0,1
2026-07-14,Site D,Lunch,Tuesday,Rain,0,464,452,452,Vendor A,7,12,0,97.41379310344827,0.0,1
2026-07-14,Site D,Dinner,Tuesday,Rain,0,414,402,393,Vendor A,7,12,9,97.10144927536231,2.2388059701492535,1
2026-07-14,Site E,Breakfast,Tuesday,Rain,0,398,356,356,Vendor C,6,42,0,89.44723618090453,0.0,1
2026-07-14,Site E,Lunch,Tuesday,Rain,0,701,684,684,Vendor A,3,17,0,97.57489300998573,0.0,1
2026-07-14,Site E,Dinner,Tuesday,Rain,0,534,515,515,Vendor A,8,19,0,96.44194756554307,0.0,1
2026-07-15,Site A,Breakfast,Wednesday,Hot,0,518,492,492,Vendor B,5,26,0,94.98069498069498,0.0,2
2026-07-15,Site A,Lunch,Wednesday,Hot,0,861,780,780,Vendor C,6,81,0,90.59233449477352,0.0,2
2026-07-15,Site A,Dinner,Wednesday,Hot,0,722,702,672,Vendor A,10,20,30,97.22991689750693,4.273504273504273,2
2026-07-15,Site B,Breakfast,Wednesday,Hot,0,350,337,337,Vendor A,8,13,0,96.28571428571429,0.0,2
2026-07-15,Site B,Lunch,Wednesday,Hot,0,644,600,600,Vendor C,6,44,0,93.16770186335404,0.0,2
2026-07-15,Site B,Dinner,Wednesday,Hot,0,527,507,507,Vendor A,1,20,0,96.20493358633776,0.0,2
2026-07-15,Site C,Breakfast,Wednesday,Hot,0,590,554,554,Vendor C,9,36,0,93.89830508474576,0.0,2
2026-07-15,Site C,Lunch,Wednesday,Hot,0,1022,945,942,Vendor C,9,77,3,92.46575342465754,0.31746031746031744,2
2026-07-15,Site C,Dinner,Wednesday,Hot,0,811,782,782,Vendor A,6,29,0,96.42416769420468,0.0,2
2026-07-15,Site D,Breakfast,Wednesday,Hot,0,322,321,317,Vendor A,8,1,4,99.68944099378882,1.2461059190031152,2
2026-07-15,Site D,Lunch,Wednesday,Hot,0,497,486,448,Vendor A,11,11,38,97.78672032193158,7.818930041152264,2
2026-07-15,Site D,Dinner,Wednesday,Hot,0,443,407,407,Vendor C,9,36,0,91.87358916478556,0.0,2
2026-07-15,Site E,Breakfast,Wednesday,Hot,0,431,417,399,Vendor A,3,14,18,96.75174013921114,4.316546762589928,2
2026-07-15,Site E,Lunch,Wednesday,Hot,0,695,626,626,Vendor C,3,69,0,90.07194244604317,0.0,2
2026-07-15,Site E,Dinner,Wednesday,Hot,0,628,597,597,Vendor B,10,31,0,95.06369426751591,0.0,2
2026-07-16,Site A,Breakfast,Thursday,Normal,1,562,505,505,Vendor C,6,57,0,89.85765124555161,0.0,3
2026-07-16,Site A,Lunch,Thursday,Normal,1,911,884,884,Vendor A,6,27,0,97.03622392974754,0.0,3
2026-07-16,Site A,Dinner,Thursday,Normal,1,789,743,743,Vendor B,5,46,0,94.16983523447402,0.0,3
2026-07-16,Site B,Breakfast,Thursday,Normal,1,428,418,418,Vendor A,11,10,0,97.66355140186917,0.0,3
2026-07-16,Site B,Lunch,Thursday,Normal,1,720,669,669,Vendor C,8,51,0,92.91666666666667,0.0,3
2026-07-16,Site B,Dinner,Thursday,Normal,1,621,584,584,Vendor B,6,37,0,94.04186795491142,0.0,3
2026-07-16,Site C,Breakfast,Thursday,Normal,1,626,621,599,Vendor A,3,5,22,99.20127795527156,3.542673107890499,3
2026-07-16,Site C,Lunch,Thursday,Normal,1,1021,989,989,Vendor A,7,32,0,96.86581782566111,0.0,3
2026-07-16,Site C,Dinner,Thursday,Normal,1,961,944,929,Vendor A,12,17,15,98.23100936524453,1.5889830508474576,3
2026-07-16,Site D,Breakfast,Thursday,Normal,1,380,385,360,Vendor A,5,-5,25,101.3157894736842,6.493506493506493,3
2026-07-16,Site D,Lunch,Thursday,Normal,1,567,521,521,Vendor C,6,46,0,91.88712522045856,0.0,3
2026-07-16,Site D,Dinner,Thursday,Normal,1,507,461,461,Vendor C,8,46,0,90.92702169625247,0.0,3
2026-07-16,Site E,Breakfast,Thursday,Normal,1,509,487,487,Vendor B,0,22,0,95.67779960707269,0.0,3
2026-07-16,Site E,Lunch,Thursday,Normal,1,761,707,707,Vendor C,10,54,0,92.90407358738501,0.0,3
2026-07-16,Site E,Dinner,Thursday,Normal,1,750,723,711,Vendor A,5,27,12,96.39999999999999,1.6597510373443984,3
2026-07-17,Site A,Breakfast,Friday,Rain,0,503,460,460,Vendor C,11,43,0,91.45129224652088,0.0,4
2026-07-17,Site A,Lunch,Friday,Rain,0,847,812,812,Vendor B,3,35,0,95.86776859504133,0.0,4
2026-07-17,Site A,Dinner,Friday,Rain,0,781,766,766,Vendor A,8,15,0,98.07938540332907,0.0,4
2026-07-17,Site B,Breakfast,Friday,Rain,0,390,387,387,Vendor A,8,3,0,99.23076923076923,0.0,4
2026-07-17,Site B,Lunch,Friday,Rain,0,636,575,575,Vendor C,3,61,0,90.40880503144653,0.0,4
2026-07-17,Site B,Dinner,Friday,Rain,0,531,499,499,Vendor B,9,32,0,93.97363465160076,0.0,4
2026-07-17,Site C,Breakfast,Friday,Rain,0,557,524,524,Vendor B,7,33,0,94.0754039497307,0.0,4
2026-07-17,Site C,Lunch,Friday,Rain,0,928,862,862,Vendor B,5,66,0,92.88793103448276,0.0,4
2026-07-17,Site C,Dinner,Friday,Rain,0,817,785,785,Vendor A,10,32,0,96.08323133414932,0.0,4
2026-07-17,Site D,Breakfast,Friday,Rain,0,320,317,296,Vendor A,8,3,21,99.0625,6.624605678233439,4
2026-07-17,Site D,Lunch,Friday,Rain,0,535,501,501,Vendor C,10,34,0,93.64485981308411,0.0,4
2026-07-17,Site D,Dinner,Friday,Rain,0,447,420,420,Vendor B,8,27,0,93.95973154362416,0.0,4
2026-07-17,Site E,Breakfast,Friday,Rain,0,459,452,447,Vendor A,8,7,5,98.47494553376906,1.1061946902654867,4
2026-07-17,Site E,Lunch,Friday,Rain,0,783,759,759,Vendor A,6,24,0,96.93486590038314,0.0,4
2026-07-17,Site E,Dinner,Friday,Rain,0,691,680,664,Vendor A,7,11,16,98.4081041968162,2.3529411764705883,4
2026-07-18,Site A,Breakfast,Saturday,Rain,0,409,368,368,Vendor C,7,41,0,89.97555012224939,0.0,5
2026-07-18,Site A,Lunch,Saturday,Rain,0,620,574,574,Vendor C,2,46,0,92.58064516129032,0.0,5
2026-07-18,Site A,Dinner,Saturday,Rain,0,591,567,567,Vendor A,7,24,0,95.93908629441624,0.0,5
2026-07-18,Site B,Breakfast,Saturday,Rain,0,314,304,301,Vendor A,3,10,3,96.81528662420382,0.9868421052631579,5
2026-07-18,Site B,Lunch,Saturday,Rain,0,486,472,472,Vendor A,2,14,0,97.11934156378601,0.0,5
2026-07-18,Site B,Dinner,Saturday,Rain,0,403,369,369,Vendor B,4,34,0,91.56327543424318,0.0,5
2026-07-18,Site C,Breakfast,Saturday,Rain,0,442,435,422,Vendor A,4,7,13,98.41628959276018,2.9885057471264367,5
2026-07-18,Site C,Lunch,Saturday,Rain,0,699,647,647,Vendor B,8,52,0,92.56080114449213,0.0,5
2026-07-18,Site C,Dinner,Saturday,Rain,0,645,610,610,Vendor B,9,35,0,94.57364341085271,0.0,5
2026-07-18,Site D,Breakfast,Saturday,Rain,0,251,249,230,Vendor A,2,2,19,99.20318725099602,7.630522088353414,5
2026-07-18,Site D,Lunch,Saturday,Rain,0,326,311,311,Vendor A,6,15,0,95.39877300613497,0.0,5
2026-07-18,Site D,Dinner,Saturday,Rain,0,315,261,261,Vendor B,29,54,0,82.85714285714286,0.0,5
2026-07-18,Site E,Breakfast,Saturday,Rain,0,348,317,317,Vendor C,9,31,0,91.0919540229885,0.0,5
2026-07-18,Site E,Lunch,Saturday,Rain,0,553,515,515,Vendor B,7,38,0,93.12839059674502,0.0,5
2026-07-18,Site E,Dinner,Saturday,Rain,0,507,465,465,Vendor B,6,42,0,91.71597633136095,0.0,5
2026-07-19,Site A,Breakfast,Sunday,Hot,0,366,339,339,Vendor B,4,27,0,92.62295081967213,0.0,6
2026-07-19,Site A,Lunch,Sunday,Hot,0,580,562,562,Vendor A,10,18,0,96.89655172413794,0.0,6
2026-07-19,Site A,Dinner,Sunday,Hot,0,598,560,550,Vendor B,6,38,10,93.64548494983278,1.7857142857142856,6
2026-07-19,Site B,Breakfast,Sunday,Hot,0,283,258,258,Vendor C,5,25,0,91.16607773851591,0.0,6
2026-07-19,Site B,Lunch,Sunday,Hot,0,434,396,396,Vendor A,13,38,0,91.24423963133641,0.0,6
2026-07-19,Site B,Dinner,Sunday,Hot,0,384,370,370,Vendor B,5,14,0,96.35416666666666,0.0,6
2026-07-19,Site C,Breakfast,Sunday,Hot,0,416,390,390,Vendor B,2,26,0,93.75,0.0,6
2026-07-19,Site C,Lunch,Sunday,Hot,0,583,538,538,Vendor C,9,45,0,92.28130360205832,0.0,6
2026-07-19,Site C,Dinner,Sunday,Hot,0,613,587,587,Vendor B,5,26,0,95.75856443719412,0.0,6
2026-07-19,Site D,Breakfast,Sunday,Hot,0,233,232,213,Vendor A,10,1,19,99.57081545064378,8.189655172413794,6
2026-07-19,Site D,Lunch,Sunday,Hot,0,338,333,333,Vendor A,4,5,0,98.5207100591716,0.0,6
2026-07-19,Site D,Dinner,Sunday,Hot,0,302,293,293,Vendor A,7,9,0,97.01986754966887,0.0,6
2026-07-19,Site E,Breakfast,Sunday,Hot,0,342,312,312,Vendor C,6,30,0,91.22807017543859,0.0,6
2026-07-19,Site E,Lunch,Sunday,Hot,0,519,478,478,Vendor C,3,41,0,92.10019267822736,0.0,6
2026-07-19,Site E,Dinner,Sunday,Hot,0,469,458,439,Vendor A,4,11,19,97.6545842217484,4.148471615720524,6
2026-07-20,Site A,Breakfast,Monday,Normal,0,538,517,514,Vendor A,6,21,3,96.09665427509294,0.5802707930367506,0
2026-07-20,Site A,Lunch,Monday,Normal,0,734,649,649,Vendor A,17,85,0,88.41961852861036,0.0,0
2026-07-20,Site A,Dinner,Monday,Normal,0,756,648,648,Vendor C,26,108,0,85.71428571428571,0.0,0
2026-07-20,Site B,Breakfast,Monday,Normal,0,369,352,352,Vendor A,7,17,0,95.39295392953929,0.0,0
2026-07-20,Site B,Lunch,Monday,Normal,0,621,607,607,Vendor A,12,14,0,97.74557165861513,0.0,0
2026-07-20,Site B,Dinner,Monday,Normal,0,566,499,499,Vendor C,5,67,0,88.16254416961131,0.0,0
2026-07-20,Site C,Breakfast,Monday,Normal,0,595,555,555,Vendor B,10,40,0,93.27731092436974,0.0,0
2026-07-20,Site C,Lunch,Monday,Normal,0,862,806,806,Vendor B,3,56,0,93.50348027842227,0.0,0
2026-07-20,Site C,Dinner,Monday,Normal,0,823,751,751,Vendor C,3,72,0,91.25151883353585,0.0,0
2026-07-20,Site D,Breakfast,Monday,Normal,0,293,263,263,Vendor C,11,30,0,89.76109215017065,0.0,0
2026-07-20,Site D,Lunch,Monday,Normal,0,481,460,460,Vendor B,7,21,0,95.63409563409564,0.0,0
2026-07-20,Site D,Dinner,Monday,Normal,0,434,398,398,Vendor C,4,36,0,91.70506912442397,0.0,0
2026-07-20,Site E,Breakfast,Monday,Normal,0,460,440,440,Vendor B,7,20,0,95.65217391304348,0.0,0
2026-07-20,Site E,Lunch,Monday,Normal,0,686,665,652,Vendor A,8,21,13,96.93877551020408,1.954887218045113,0
2026-07-20,Site E,Dinner,Monday,Normal,0,589,577,577,Vendor A,7,12,0,97.96264855687606,0.0,0
2026-07-21,Site A,Breakfast,Tuesday,Rain,0,462,456,444,Vendor A,7,6,12,98.7012987012987,2.631578947368421,1
2026-07-21,Site A,Lunch,Tuesday,Rain,0,808,752,752,Vendor B,11,56,0,93.06930693069307,0.0,1
2026-07-21,Site A,Dinner,Tuesday,Rain,0,667,645,645,Vendor A,10,22,0,96.7016491754123,0.0,1
2026-07-21,Site B,Breakfast,Tuesday,Rain,0,328,321,321,Vendor A,8,7,0,97.86585365853658,0.0,1
2026-07-21,Site B,Lunch,Tuesday,Rain,0,579,525,525,Vendor C,3,54,0,90.67357512953367,0.0,1
2026-07-21,Site B,Dinner,Tuesday,Rain,0,517,472,472,Vendor C,5,45,0,91.29593810444874,0.0,1
2026-07-21,Site C,Breakfast,Tuesday,Rain,0,530,516,516,Vendor A,8,14,0,97.35849056603773,0.0,1
2026-07-21,Site C,Lunch,Tuesday,Rain,0,791,762,762,Vendor A,10,29,0,96.3337547408344,0.0,1
2026-07-21,Site C,Dinner,Tuesday,Rain,0,795,746,746,Vendor B,9,49,0,93.83647798742139,0.0,1
2026-07-21,Site D,Breakfast,Tuesday,Rain,0,277,272,272,Vendor A,8,5,0,98.19494584837545,0.0,1
2026-07-21,Site D,Lunch,Tuesday,Rain,0,475,466,441,Vendor A,9,9,25,98.10526315789474,5.36480686695279,1
2026-07-21,Site D,Dinner,Tuesday,Rain,0,392,391,391,Vendor A,8,1,0,99.74489795918367,0.0,1
2026-07-21,Site E,Breakfast,Tuesday,Rain,0,482,469,465,Vendor A,4,13,4,97.30290456431536,0.8528784648187633,1
2026-07-21,Site E,Lunch,Tuesday,Rain,0,649,648,646,Vendor A,8,1,2,99.84591679506933,0.30864197530864196,1
2026-07-21,Site E,Dinner,Tuesday,Rain,0,624,615,599,Vendor A,7,9,16,98.5576923076923,2.6016260162601625,1
2026-07-22,Site A,Breakfast,Wednesday,Hot,0,537,508,498,Vendor B,8,29,10,94.59962756052141,1.968503937007874,2
2026-07-22,Site A,Lunch,Wednesday,Hot,0,792,703,703,Vendor C,5,89,0,88.76262626262627,0.0,2
2026-07-22,Site A,Dinner,Wednesday,Hot,0,789,777,755,Vendor A,5,12,22,98.47908745247148,2.8314028314028317,2
2026-07-22,Site B,Breakfast,Wednesday,Hot,0,381,358,358,Vendor B,11,23,0,93.96325459317585,0.0,2
2026-07-22,Site B,Lunch,Wednesday,Hot,0,670,635,633,Vendor A,10,35,2,94.77611940298507,0.31496062992125984,2
2026-07-22,Site B,Dinner,Wednesday,Hot,0,543,546,546,Vendor A,4,-3,0,100.55248618784532,0.0,2
2026-07-22,Site C,Breakfast,Wednesday,Hot,0,573,527,527,Vendor B,7,46,0,91.97207678883072,0.0,2
2026-07-22,Site C,Lunch,Wednesday,Hot,0,945,867,867,Vendor B,10,78,0,91.74603174603175,0.0,2
2026-07-22,Site C,Dinner,Wednesday,Hot,0,821,757,757,Vendor B,13,64,0,92.20462850182703,0.0,2
2026-07-22,Site D,Breakfast,Wednesday,Hot,0,296,286,286,Vendor A,2,10,0,96.62162162162163,0.0,2
2026-07-22,Site D,Lunch,Wednesday,Hot,0,530,443,443,Vendor B,31,87,0,83.58490566037736,0.0,2
2026-07-22,Site D,Dinner,Wednesday,Hot,0,412,377,377,Vendor B,6,35,0,91.50485436893204,0.0,2
2026-07-22,Site E,Breakfast,Wednesday,Hot,0,431,402,402,Vendor B,10,29,0,93.27146171693735,0.0,2
2026-07-22,Site E,Lunch,Wednesday,Hot,0,785,741,741,Vendor B,6,44,0,94.39490445859873,0.0,2
2026-07-22,Site E,Dinner,Wednesday,Hot,0,571,567,567,Vendor A,0,4,0,99.29947460595446,0.0,2
2026-07-23,Site A,Breakfast,Thursday,Normal,0,431,392,392,Vendor C,9,39,0,90.95127610208816,0.0,3
2026-07-23,Site A,Lunch,Thursday,Normal,0,795,750,750,Vendor B,5,45,0,94.33962264150944,0.0,3
2026-07-23,Site A,Dinner,Thursday,Normal,0,704,673,673,Vendor B,7,31,0,95.5965909090909,0.0,3
2026-07-23,Site B,Breakfast,Thursday,Normal,0,438,354,354,Vendor C,28,84,0,80.82191780821918,0.0,3
2026-07-23,Site B,Lunch,Thursday,Normal,0,591,495,495,Vendor A,29,96,0,83.75634517766497,0.0,3
2026-07-23,Site B,Dinner,Thursday,Normal,0,496,485,485,Vendor A,9,11,0,97.78225806451613,0.0,3
2026-07-23,Site C,Breakfast,Thursday,Normal,0,575,551,551,Vendor A,9,24,0,95.82608695652173,0.0,3
2026-07-23,Site C,Lunch,Thursday,Normal,0,973,941,941,Vendor A,9,32,0,96.71120246659814,0.0,3
2026-07-23,Site C,Dinner,Thursday,Normal,0,761,743,743,Vendor A,6,18,0,97.63469119579501,0.0,3
2026-07-23,Site D,Breakfast,Thursday,Normal,0,287,277,277,Vendor A,10,10,0,96.51567944250871,0.0,3
2026-07-23,Site D,Lunch,Thursday,Normal,0,470,467,467,Vendor A,10,3,0,99.36170212765958,0.0,3
2026-07-23,Site D,Dinner,Thursday,Normal,0,392,385,385,Vendor A,1,7,0,98.21428571428571,0.0,3
2026-07-23,Site E,Breakfast,Thursday,Normal,0,478,471,470,Vendor A,4,7,1,98.5355648535565,0.21231422505307856,3
2026-07-23,Site E,Lunch,Thursday,Normal,0,697,671,671,Vendor B,4,26,0,96.26972740315638,0.0,3
2026-07-23,Site E,Dinner,Thursday,Normal,0,625,582,582,Vendor B,9,43,0,93.12,0.0,3
2026-07-24,Site A,Breakfast,Friday,Normal,0,573,548,543,Vendor A,3,25,5,95.6369982547993,0.9124087591240875,4
2026-07-24,Site A,Lunch,Friday,Normal,0,852,835,835,Vendor A,6,17,0,98.00469483568075,0.0,4
2026-07-24,Site A,Dinner,Friday,Normal,0,792,746,746,Vendor B,4,46,0,94.1919191919192,0.0,4
2026-07-24,Site B,Breakfast,Friday,Normal,0,448,441,417,Vendor A,3,7,24,98.4375,5.442176870748299,4
2026-07-24,Site B,Lunch,Friday,Normal,0,702,657,657,Vendor B,10,45,0,93.58974358974359,0.0,4
2026-07-24,Site B,Dinner,Friday,Normal,0,614,598,551,Vendor A,8,16,47,97.39413680781759,7.859531772575251,4
2026-07-24,Site C,Breakfast,Friday,Normal,0,622,556,556,Vendor C,13,66,0,89.38906752411575,0.0,4
2026-07-24,Site C,Lunch,Friday,Normal,0,1034,934,934,Vendor C,2,100,0,90.32882011605416,0.0,4
2026-07-24,Site C,Dinner,Friday,Normal,0,915,825,825,Vendor C,4,90,0,90.1639344262295,0.0,4
2026-07-24,Site D,Breakfast,Friday,Normal,0,323,314,309,Vendor A,3,9,5,97.21362229102168,1.5923566878980893,4
2026-07-24,Site D,Lunch,Friday,Normal,0,528,481,481,Vendor C,8,47,0,91.09848484848484,0.0,4
2026-07-24,Site D,Dinner,Friday,Normal,0,433,390,390,Vendor C,0,43,0,90.06928406466513,0.0,4
2026-07-24,Site E,Breakfast,Friday,Normal,0,465,453,447,Vendor A,10,12,6,97.41935483870968,1.3245033112582782,4
2026-07-24,Site E,Lunch,Friday,Normal,0,800,760,760,Vendor B,6,40,0,95.0,0.0,4
2026-07-24,Site E,Dinner,Friday,Normal,0,716,676,652,Vendor B,9,40,24,94.41340782122904,3.5502958579881656,4
2026-07-25,Site A,Breakfast,Saturday,Rain,0,428,417,414,Vendor A,0,11,3,97.42990654205607,0.7194244604316548,5
2026-07-25,Site A,Lunch,Saturday,Rain,0,646,593,593,Vendor C,6,53,0,91.79566563467493,0.0,5
2026-07-25,Site A,Dinner,Saturday,Rain,0,598,602,571,Vendor A,0,-4,31,100.66889632107024,5.149501661129568,5
2026-07-25,Site B,Breakfast,Saturday,Rain,0,291,273,273,Vendor B,8,18,0,93.81443298969072,0.0,5
2026-07-25,Site B,Lunch,Saturday,Rain,0,443,424,424,Vendor A,5,19,0,95.71106094808127,0.0,5
2026-07-25,Site B,Dinner,Saturday,Rain,0,421,402,399,Vendor B,4,19,3,95.48693586698337,0.7462686567164178,5
2026-07-25,Site C,Breakfast,Saturday,Rain,0,440,398,398,Vendor C,7,42,0,90.45454545454545,0.0,5
2026-07-25,Site C,Lunch,Saturday,Rain,0,736,693,693,Vendor B,10,43,0,94.15760869565217,0.0,5
2026-07-25,Site C,Dinner,Saturday,Rain,0,585,538,538,Vendor B,7,47,0,91.96581196581197,0.0,5
2026-07-25,Site D,Breakfast,Saturday,Rain,0,227,227,224,Vendor A,3,0,3,100.0,1.3215859030837005,5
2026-07-25,Site D,Lunch,Saturday,Rain,0,390,352,352,Vendor C,8,38,0,90.25641025641026,0.0,5
2026-07-25,Site D,Dinner,Saturday,Rain,0,318,292,292,Vendor C,1,26,0,91.82389937106919,0.0,5
2026-07-25,Site E,Breakfast,Saturday,Rain,0,310,301,296,Vendor A,0,9,5,97.09677419354838,1.6611295681063125,5
2026-07-25,Site E,Lunch,Saturday,Rain,0,529,520,520,Vendor A,12,9,0,98.29867674858222,0.0,5
2026-07-25,Site E,Dinner,Saturday,Rain,0,497,482,482,Vendor A,0,15,0,96.98189134808854,0.0,5
2026-07-26,Site A,Breakfast,Sunday,Normal,0,414,409,409,Vendor A,3,5,0,98.79227053140096,0.0,6
2026-07-26,Site A,Lunch,Sunday,Normal,0,599,550,550,Vendor C,7,49,0,91.81969949916528,0.0,6
2026-07-26,Site A,Dinner,Sunday,Normal,0,582,566,554,Vendor A,1,16,12,97.2508591065292,2.1201413427561837,6
2026-07-26,Site B,Breakfast,Sunday,Normal,0,287,274,274,Vendor A,10,13,0,95.47038327526133,0.0,6
2026-07-26,Site B,Lunch,Sunday,Normal,0,469,456,456,Vendor A,6,13,0,97.22814498933901,0.0,6
2026-07-26,Site B,Dinner,Sunday,Normal,0,378,356,356,Vendor C,2,22,0,94.17989417989418,0.0,6
2026-07-26,Site C,Breakfast,Sunday,Normal,0,418,388,388,Vendor B,10,30,0,92.82296650717703,0.0,6
2026-07-26,Site C,Lunch,Sunday,Normal,0,715,668,668,Vendor C,5,47,0,93.42657342657343,0.0,6
2026-07-26,Site C,Dinner,Sunday,Normal,0,621,574,574,Vendor B,6,47,0,92.4315619967794,0.0,6
2026-07-26,Site D,Breakfast,Sunday,Normal,0,223,217,215,Vendor A,5,6,2,97.30941704035875,0.9216589861751152,6
2026-07-26,Site D,Lunch,Sunday,Normal,0,365,347,347,Vendor C,1,18,0,95.06849315068493,0.0,6
2026-07-26,Site D,Dinner,Sunday,Normal,0,340,334,310,Vendor A,6,6,24,98.23529411764706,7.18562874251497,6
2026-07-26,Site E,Breakfast,Sunday,Normal,0,367,359,344,Vendor A,0,8,15,97.82016348773843,4.178272980501393,6
2026-07-26,Site E,Lunch,Sunday,Normal,0,515,505,505,Vendor A,0,10,0,98.05825242718447,0.0,6
2026-07-26,Site E,Dinner,Sunday,Normal,0,435,400,400,Vendor C,8,35,0,91.95402298850574,0.0,6
2026-07-27,Site A,Breakfast,Monday,Normal,0,489,438,438,Vendor C,9,51,0,89.57055214723927,0.0,0
2026-07-27,Site A,Lunch,Monday,Normal,0,864,849,837,Vendor A,8,15,12,98.26388888888889,1.4134275618374559,0
2026-07-27,Site A,Dinner,Monday,Normal,0,753,733,714,Vendor A,3,20,19,97.34395750332006,2.592087312414734,0
2026-07-27,Site B,Breakfast,Monday,Normal,0,401,381,381,Vendor B,1,20,0,95.01246882793018,0.0,0
2026-07-27,Site B,Lunch,Monday,Normal,0,562,557,557,Vendor A,10,5,0,99.11032028469751,0.0,0
2026-07-27,Site B,Dinner,Monday,Normal,0,565,548,547,Vendor A,7,17,1,96.99115044247787,0.18248175182481752,0
2026-07-27,Site C,Breakfast,Monday,Normal,0,637,617,591,Vendor A,4,20,26,96.86028257456829,4.213938411669368,0
2026-07-27,Site C,Lunch,Monday,Normal,0,958,878,878,Vendor C,4,80,0,91.64926931106471,0.0,0
2026-07-27,Site C,Dinner,Monday,Normal,0,912,870,843,Vendor A,8,42,27,95.39473684210526,3.103448275862069,0
2026-07-27,Site D,Breakfast,Monday,Normal,0,286,281,280,Vendor A,14,5,1,98.25174825174825,0.3558718861209964,0
2026-07-27,Site D,Lunch,Monday,Normal,0,479,449,449,Vendor B,7,30,0,93.73695198329854,0.0,0
2026-07-27,Site D,Dinner,Monday,Normal,0,442,410,410,Vendor C,19,32,0,92.76018099547511,0.0,0
2026-07-27,Site E,Breakfast,Monday,Normal,0,418,360,360,Vendor A,17,58,0,86.1244019138756,0.0,0
2026-07-27,Site E,Lunch,Monday,Normal,0,739,735,725,Vendor A,7,4,10,99.45872801082544,1.3605442176870748,0
2026-07-27,Site E,Dinner,Monday,Normal,0,661,636,623,Vendor A,7,25,13,96.2178517397882,2.044025157232704,0
2026-07-28,Site A,Breakfast,Tuesday,Normal,0,530,473,473,Vendor C,3,57,0,89.24528301886792,0.0,1
2026-07-28,Site A,Lunch,Tuesday,Normal,0,876,844,829,Vendor A,11,32,15,96.34703196347031,1.7772511848341233,1
2026-07-28,Site A,Dinner,Tuesday,Normal,0,816,734,734,Vendor C,5,82,0,89.95098039215686,0.0,1
2026-07-28,Site B,Breakfast,Tuesday,Normal,0,353,348,348,Vendor A,4,5,0,98.58356940509914,0.0,1
2026-07-28,Site B,Lunch,Tuesday,Normal,0,670,664,622,Vendor A,8,6,42,99.1044776119403,6.325301204819277,1
2026-07-28,Site B,Dinner,Tuesday,Normal,0,516,483,483,Vendor B,8,33,0,93.6046511627907,0.0,1
2026-07-28,Site C,Breakfast,Tuesday,Normal,0,591,548,548,Vendor C,8,43,0,92.72419627749578,0.0,1
2026-07-28,Site C,Lunch,Tuesday,Normal,0,879,807,807,Vendor C,6,72,0,91.80887372013652,0.0,1
2026-07-28,Site C,Dinner,Tuesday,Normal,0,854,831,831,Vendor B,10,23,0,97.30679156908664,0.0,1
2026-07-28,Site D,Breakfast,Tuesday,Normal,0,276,266,266,Vendor A,5,10,0,96.37681159420289,0.0,1
2026-07-28,Site D,Lunch,Tuesday,Normal,0,498,463,463,Vendor B,7,35,0,92.9718875502008,0.0,1
2026-07-28,Site D,Dinner,Tuesday,Normal,0,472,463,457,Vendor A,9,9,6,98.09322033898306,1.2958963282937366,1
2026-07-28,Site E,Breakfast,Tuesday,Normal,0,445,438,410,Vendor A,8,7,28,98.42696629213484,6.392694063926941,1
2026-07-28,Site E,Lunch,Tuesday,Normal,0,788,781,754,Vendor A,5,7,27,99.11167512690355,3.4571062740076828,1
2026-07-28,Site E,Dinner,Tuesday,Normal,0,574,543,543,Vendor B,2,31,0,94.5993031358885,0.0,1
2026-07-29,Site A,Breakfast,Wednesday,Cloudy,0,514,461,461,Vendor C,11,53,0,89.6887159533074,0.0,2
2026-07-29,Site A,Lunch,Wednesday,Cloudy,0,886,847,847,Vendor A,8,39,0,95.5981941309255,0.0,2
2026-07-29,Site A,Dinner,Wednesday,Cloudy,0,753,720,714,Vendor A,5,33,6,95.61752988047809,0.8333333333333334,2
2026-07-29,Site B,Breakfast,Wednesday,Cloudy,0,449,426,425,Vendor B,3,23,1,94.87750556792874,0.2347417840375587,2
2026-07-29,Site B,Lunch,Wednesday,Cloudy,0,664,607,607,Vendor C,7,57,0,91.41566265060241,0.0,2
2026-07-29,Site B,Dinner,Wednesday,Cloudy,0,557,510,510,Vendor C,8,47,0,91.56193895870736,0.0,2
2026-07-29,Site C,Breakfast,Wednesday,Cloudy,0,589,537,537,Vendor C,6,52,0,91.17147707979628,0.0,2
2026-07-29,Site C,Lunch,Wednesday,Cloudy,0,972,938,908,Vendor A,6,34,30,96.50205761316872,3.1982942430703627,2
2026-07-29,Site C,Dinner,Wednesday,Cloudy,0,908,861,861,Vendor B,5,47,0,94.8237885462555,0.0,2
2026-07-29,Site D,Breakfast,Wednesday,Cloudy,0,304,286,286,Vendor B,7,18,0,94.07894736842105,0.0,2
2026-07-29,Site D,Lunch,Wednesday,Cloudy,0,541,463,463,Vendor A,23,78,0,85.58225508317929,0.0,2
2026-07-29,Site D,Dinner,Wednesday,Cloudy,0,481,462,452,Vendor A,6,19,10,96.04989604989605,2.1645021645021645,2
2026-07-29,Site E,Breakfast,Wednesday,Cloudy,0,478,447,447,Vendor B,6,31,0,93.51464435146444,0.0,2
2026-07-29,Site E,Lunch,Wednesday,Cloudy,0,748,722,722,Vendor A,8,26,0,96.52406417112299,0.0,2
2026-07-29,Site E,Dinner,Wednesday,Cloudy,0,693,588,588,Vendor A,15,105,0,84.84848484848484,0.0,2
2026-07-30,Site A,Breakfast,Thursday,Hot,0,525,393,514,Vendor A,26,132,-121,74.85714285714286,-30.788804071246815,3
2026-07-30,Site A,Lunch,Thursday,Hot,0,787,740,740,Vendor B,3,47,0,94.0279542566709,0.0,3
2026-07-30,Site A,Dinner,Thursday,Hot,0,734,721,721,Vendor A,8,13,0,98.22888283378747,0.0,3
2026-07-30,Site B,Breakfast,Thursday,Hot,0,422,411,404,Vendor A,1,11,7,97.39336492890996,1.70316301703163,3
2026-07-30,Site B,Lunch,Thursday,Hot,0,608,574,574,Vendor B,5,34,0,94.4078947368421,0.0,3
2026-07-30,Site B,Dinner,Thursday,Hot,0,550,550,498,Vendor A,11,0,52,100.0,9.454545454545455,3
2026-07-30,Site C,Breakfast,Thursday,Hot,0,601,600,588,Vendor A,10,1,12,99.83361064891847,2.0,3
2026-07-30,Site C,Lunch,Thursday,Hot,0,856,817,817,Vendor B,2,39,0,95.44392523364486,0.0,3
2026-07-30,Site C,Dinner,Thursday,Hot,0,744,696,696,Vendor B,10,48,0,93.54838709677419,0.0,3
2026-07-30,Site D,Breakfast,Thursday,Hot,0,265,266,266,Vendor A,13,-1,0,100.37735849056604,0.0,3
2026-07-30,Site D,Lunch,Thursday,Hot,0,460,445,445,Vendor A,8,15,0,96.73913043478261,0.0,3
2026-07-30,Site D,Dinner,Thursday,Hot,0,406,344,344,Vendor A,20,62,0,84.72906403940887,0.0,3
2026-07-30,Site E,Breakfast,Thursday,Hot,0,446,432,422,Vendor A,7,14,10,96.8609865470852,2.314814814814815,3
2026-07-30,Site E,Lunch,Thursday,Hot,0,639,616,616,Vendor A,6,23,0,96.40062597809077,0.0,3
2026-07-30,Site E,Dinner,Thursday,Hot,0,658,655,609,Vendor A,6,3,46,99.54407294832826,7.022900763358779,3
2026-07-31,Site A,Breakfast,Friday,Rain,0,533,524,524,Vendor A,4,9,0,98.31144465290807,0.0,4
2026-07-31,Site A,Lunch,Friday,Rain,0,868,818,815,Vendor B,9,50,3,94.23963133640552,0.36674816625916873,4
2026-07-31,Site A,Dinner,Friday,Rain,0,779,771,757,Vendor A,7,8,14,98.97304236200257,1.8158236057068744,4
2026-07-31,Site B,Breakfast,Friday,Rain,0,395,375,375,Vendor B,6,20,0,94.9367088607595,0.0,4
2026-07-31,Site B,Lunch,Friday,Rain,0,651,638,614,Vendor A,6,13,24,98.0030721966206,3.761755485893417,4
2026-07-31,Site B,Dinner,Friday,Rain,0,587,552,552,Vendor B,7,35,0,94.03747870528109,0.0,4
2026-07-31,Site C,Breakfast,Friday,Rain,0,627,605,605,Vendor A,6,22,0,96.49122807017544,0.0,4
2026-07-31,Site C,Lunch,Friday,Rain,0,1020,1009,970,Vendor A,7,11,39,98.92156862745098,3.865213082259663,4
2026-07-31,Site C,Dinner,Friday,Rain,0,937,891,871,Vendor B,9,46,20,95.09071504802561,2.244668911335578,4
2026-07-31,Site D,Breakfast,Friday,Rain,0,305,302,302,Vendor A,5,3,0,99.01639344262296,0.0,4
2026-07-31,Site D,Lunch,Friday,Rain,0,506,499,498,Vendor A,5,7,1,98.61660079051383,0.2004008016032064,4
2026-07-31,Site D,Dinner,Friday,Rain,0,439,404,404,Vendor B,6,35,0,92.02733485193622,0.0,4
2026-07-31,Site E,Breakfast,Friday,Rain,0,452,441,441,Vendor A,9,11,0,97.56637168141593,0.0,4
2026-07-31,Site E,Lunch,Friday,Rain,0,719,678,678,Vendor B,2,41,0,94.29763560500696,0.0,4
2026-07-31,Site E,Dinner,Friday,Rain,0,669,602,602,Vendor A,25,67,0,89.98505231689087,0.0,4
2026-08-01,Site A,Breakfast,Saturday,Normal,0,420,383,383,Vendor B,6,37,0,91.19047619047619,0.0,5
2026-08-01,Site A,Lunch,Saturday,Normal,0,720,699,686,Vendor A,8,21,13,97.08333333333333,1.859799713876967,5
2026-08-01,Site A,Dinner,Saturday,Normal,0,665,650,631,Vendor A,3,15,19,97.74436090225564,2.923076923076923,5
2026-08-01,Site B,Breakfast,Saturday,Normal,0,302,243,243,Vendor B,22,59,0,80.4635761589404,0.0,5
2026-08-01,Site B,Lunch,Saturday,Normal,0,495,436,436,Vendor C,0,59,0,88.08080808080808,0.0,5
2026-08-01,Site B,Dinner,Saturday,Normal,0,459,411,411,Vendor C,5,48,0,89.54248366013073,0.0,5
2026-08-01,Site C,Breakfast,Saturday,Normal,0,507,513,500,Vendor A,4,-6,13,101.18343195266273,2.53411306042885,5
2026-08-01,Site C,Lunch,Saturday,Normal,0,815,768,768,Vendor B,5,47,0,94.23312883435582,0.0,5
2026-08-01,Site C,Dinner,Saturday,Normal,0,739,698,674,Vendor B,8,41,24,94.45196211096076,3.4383954154727796,5
2026-08-01,Site D,Breakfast,Saturday,Normal,0,255,237,237,Vendor B,4,18,0,92.94117647058823,0.0,5
2026-08-01,Site D,Lunch,Saturday,Normal,0,430,421,395,Vendor A,4,9,26,97.90697674418605,6.175771971496437,5
2026-08-01,Site D,Dinner,Saturday,Normal,0,364,288,360,Vendor A,32,76,-72,79.12087912087912,-25.0,5
2026-08-01,Site E,Breakfast,Saturday,Normal,0,396,374,372,Vendor B,1,22,2,94.44444444444444,0.53475935828877,5
2026-08-01,Site E,Lunch,Saturday,Normal,0,592,550,550,Vendor B,2,42,0,92.9054054054054,0.0,5
2026-08-01,Site E,Dinner,Saturday,Normal,0,455,431,431,Vendor B,0,24,0,94.72527472527472,0.0,5
2026-08-02,Site A,Breakfast,Sunday,Rain,0,341,326,326,Vendor A,5,15,0,95.60117302052787,0.0,6
2026-08-02,Site A,Lunch,Sunday,Rain,0,594,538,538,Vendor B,3,56,0,90.57239057239057,0.0,6
2026-08-02,Site A,Dinner,Sunday,Rain,0,520,506,506,Vendor A,5,14,0,97.3076923076923,0.0,6
2026-08-02,Site B,Breakfast,Sunday,Rain,0,272,269,268,Vendor A,3,3,1,98.89705882352942,0.37174721189591076,6
2026-08-02,Site B,Lunch,Sunday,Rain,0,447,411,411,Vendor B,4,36,0,91.94630872483222,0.0,6
2026-08-02,Site B,Dinner,Sunday,Rain,0,419,392,392,Vendor B,5,27,0,93.55608591885442,0.0,6
2026-08-02,Site C,Breakfast,Sunday,Rain,0,361,329,329,Vendor C,8,32,0,91.13573407202216,0.0,6
2026-08-02,Site C,Lunch,Sunday,Rain,0,677,668,643,Vendor A,3,9,25,98.67060561299851,3.74251497005988,6
2026-08-02,Site C,Dinner,Sunday,Rain,0,608,585,566,Vendor B,3,23,19,96.2171052631579,3.2478632478632483,6
2026-08-02,Site D,Breakfast,Sunday,Rain,0,211,208,204,Vendor A,6,3,4,98.5781990521327,1.9230769230769231,6
2026-08-02,Site D,Lunch,Sunday,Rain,0,382,349,349,Vendor B,6,33,0,91.36125654450262,0.0,6
2026-08-02,Site D,Dinner,Sunday,Rain,0,309,289,289,Vendor B,5,20,0,93.52750809061489,0.0,6
2026-08-02,Site E,Breakfast,Sunday,Rain,0,300,256,293,Vendor A,29,44,-37,85.33333333333334,-14.453125,6
2026-08-02,Site E,Lunch,Sunday,Rain,0,533,522,508,Vendor A,6,11,14,97.93621013133207,2.681992337164751,6
2026-08-02,Site E,Dinner,Sunday,Rain,0,416,394,394,Vendor B,4,22,0,94.71153846153845,0.0,6
2026-08-03,Site A,Breakfast,Monday,Rain,0,475,431,431,Vendor C,6,44,0,90.73684210526316,0.0,0
2026-08-03,Site A,Lunch,Monday,Rain,0,788,743,743,Vendor B,7,45,0,94.28934010152284,0.0,0
2026-08-03,Site A,Dinner,Monday,Rain,0,724,708,707,Vendor A,3,16,1,97.79005524861878,0.14124293785310735,0
2026-08-03,Site B,Breakfast,Monday,Rain,0,359,348,343,Vendor A,7,11,5,96.93593314763231,1.4367816091954022,0
2026-08-03,Site B,Lunch,Monday,Rain,0,610,592,582,Vendor A,11,18,10,97.04918032786885,1.6891891891891893,0
2026-08-03,Site B,Dinner,Monday,Rain,0,456,437,437,Vendor B,5,19,0,95.83333333333334,0.0,0
2026-08-03,Site C,Breakfast,Monday,Rain,0,543,525,520,Vendor A,3,18,5,96.68508287292818,0.9523809523809524,0
2026-08-03,Site C,Lunch,Monday,Rain,0,917,911,892,Vendor A,5,6,19,99.34569247546347,2.0856201975850714,0
2026-08-03,Site C,Dinner,Monday,Rain,0,814,822,793,Vendor A,8,-8,29,100.982800982801,3.5279805352798053,0
2026-08-03,Site D,Breakfast,Monday,Rain,0,300,270,270,Vendor C,8,30,0,90.0,0.0,0
2026-08-03,Site D,Lunch,Monday,Rain,0,466,453,453,Vendor A,6,13,0,97.21030042918454,0.0,0
2026-08-03,Site D,Dinner,Monday,Rain,0,434,427,403,Vendor A,8,7,24,98.38709677419355,5.620608899297424,0
2026-08-03,Site E,Breakfast,Monday,Rain,0,364,330,330,Vendor B,11,34,0,90.65934065934066,0.0,0
2026-08-03,Site E,Lunch,Monday,Rain,0,611,596,596,Vendor A,13,15,0,97.54500818330605,0.0,0
2026-08-03,Site E,Dinner,Monday,Rain,0,595,570,570,Vendor B,6,25,0,95.7983193277311,0.0,0
2026-08-04,Site A,Breakfast,Tuesday,Cloudy,0,545,534,534,Vendor A,8,11,0,97.9816513761468,0.0,1
2026-08-04,Site A,Lunch,Tuesday,Cloudy,0,837,799,799,Vendor B,6,38,0,95.4599761051374,0.0,1
2026-08-04,Site A,Dinner,Tuesday,Cloudy,0,656,628,628,Vendor A,8,28,0,95.73170731707317,0.0,1
2026-08-04,Site B,Breakfast,Tuesday,Cloudy,0,401,375,375,Vendor A,6,26,0,93.51620947630923,0.0,1
2026-08-04,Site B,Lunch,Tuesday,Cloudy,0,724,655,655,Vendor C,2,69,0,90.4696132596685,0.0,1
2026-08-04,Site B,Dinner,Tuesday,Cloudy,0,593,590,572,Vendor A,11,3,18,99.49409780775717,3.050847457627119,1
2026-08-04,Site C,Breakfast,Tuesday,Cloudy,0,602,594,594,Vendor A,6,8,0,98.67109634551495,0.0,1
2026-08-04,Site C,Lunch,Tuesday,Cloudy,0,1068,1000,986,Vendor B,8,68,14,93.63295880149812,1.4000000000000001,1
2026-08-04,Site C,Dinner,Tuesday,Cloudy,0,879,807,806,Vendor C,12,72,1,91.80887372013652,0.12391573729863693,1
2026-08-04,Site D,Breakfast,Tuesday,Cloudy,0,296,282,282,Vendor A,9,14,0,95.27027027027027,0.0,1
2026-08-04,Site D,Lunch,Tuesday,Cloudy,0,493,455,455,Vendor B,8,38,0,92.2920892494929,0.0,1
2026-08-04,Site D,Dinner,Tuesday,Cloudy,0,415,404,396,Vendor A,4,11,8,97.34939759036145,1.9801980198019802,1
2026-08-04,Site E,Breakfast,Tuesday,Cloudy,0,406,393,393,Vendor A,2,13,0,96.79802955665025,0.0,1
2026-08-04,Site E,Lunch,Tuesday,Cloudy,0,643,593,593,Vendor C,11,50,0,92.2239502332815,0.0,1
2026-08-04,Site E,Dinner,Tuesday,Cloudy,0,587,585,585,Vendor A,11,2,0,99.65928449744463,0.0,1
2026-08-05,Site A,Breakfast,Wednesday,Normal,0,550,544,544,Vendor A,6,6,0,98.9090909090909,0.0,2
2026-08-05,Site A,Lunch,Wednesday,Normal,0,931,859,859,Vendor B,13,72,0,92.26638023630504,0.0,2
2026-08-05,Site A,Dinner,Wednesday,Normal,0,826,799,782,Vendor A,11,27,17,96.73123486682809,2.127659574468085,2
2026-08-05,Site B,Breakfast,Wednesday,Normal,0,369,354,353,Vendor A,8,15,1,95.9349593495935,0.2824858757062147,2
2026-08-05,Site B,Lunch,Wednesday,Normal,0,607,570,570,Vendor B,4,37,0,93.90444810543657,0.0,2
2026-08-05,Site B,Dinner,Wednesday,Normal,0,609,589,560,Vendor A,12,20,29,96.71592775041051,4.923599320882852,2
2026-08-05,Site C,Breakfast,Wednesday,Normal,0,606,576,576,Vendor B,9,30,0,95.04950495049505,0.0,2
2026-08-05,Site C,Lunch,Wednesday,Normal,0,1045,1005,976,Vendor A,13,40,29,96.17224880382776,2.8855721393034823,2
2026-08-05,Site C,Dinner,Wednesday,Normal,0,808,738,738,Vendor C,10,70,0,91.33663366336634,0.0,2
2026-08-05,Site D,Breakfast,Wednesday,Normal,0,285,253,253,Vendor C,3,32,0,88.7719298245614,0.0,2
2026-08-05,Site D,Lunch,Wednesday,Normal,0,523,496,496,Vendor B,6,27,0,94.83747609942638,0.0,2
2026-08-05,Site D,Dinner,Wednesday,Normal,0,463,437,437,Vendor B,3,26,0,94.38444924406048,0.0,2
2026-08-05,Site E,Breakfast,Wednesday,Normal,0,447,431,431,Vendor A,10,16,0,96.42058165548099,0.0,2
2026-08-05,Site E,Lunch,Wednesday,Normal,0,691,660,660,Vendor B,2,31,0,95.51374819102749,0.0,2
2026-08-05,Site E,Dinner,Wednesday,Normal,0,655,638,638,Vendor A,10,17,0,97.40458015267176,0.0,2
2026-08-06,Site A,Breakfast,Thursday,Cloudy,0,477,473,471,Vendor A,11,4,2,99.16142557651992,0.42283298097251587,3
2026-08-06,Site A,Lunch,Thursday,Cloudy,0,837,795,793,Vendor A,1,42,2,94.98207885304659,0.25157232704402516,3
2026-08-06,Site A,Dinner,Thursday,Cloudy,0,722,708,708,Vendor A,7,14,0,98.06094182825484,0.0,3
2026-08-06,Site B,Breakfast,Thursday,Cloudy,0,448,419,419,Vendor B,8,29,0,93.52678571428571,0.0,3
2026-08-06,Site B,Lunch,Thursday,Cloudy,0,624,576,576,Vendor B,4,48,0,92.3076923076923,0.0,3
2026-08-06,Site B,Dinner,Thursday,Cloudy,0,572,533,533,Vendor B,8,39,0,93.18181818181817,0.0,3
2026-08-06,Site C,Breakfast,Thursday,Cloudy,0,548,526,526,Vendor B,5,22,0,95.98540145985402,0.0,3
2026-08-06,Site C,Lunch,Thursday,Cloudy,0,893,834,834,Vendor A,6,59,0,93.39305711086226,0.0,3
2026-08-06,Site C,Dinner,Thursday,Cloudy,0,881,838,834,Vendor A,11,43,4,95.11918274687855,0.47732696897374705,3
2026-08-06,Site D,Breakfast,Thursday,Cloudy,0,304,291,291,Vendor A,11,13,0,95.72368421052632,0.0,3
2026-08-06,Site D,Lunch,Thursday,Cloudy,0,506,448,448,Vendor C,12,58,0,88.53754940711462,0.0,3
2026-08-06,Site D,Dinner,Thursday,Cloudy,0,449,407,407,Vendor C,6,42,0,90.64587973273942,0.0,3
2026-08-06,Site E,Breakfast,Thursday,Cloudy,0,436,411,411,Vendor B,13,25,0,94.26605504587155,0.0,3
2026-08-06,Site E,Lunch,Thursday,Cloudy,0,749,696,696,Vendor B,8,53,0,92.92389853137517,0.0,3
2026-08-06,Site E,Dinner,Thursday,Cloudy,0,705,675,636,Vendor B,9,30,39,95.74468085106383,5.777777777777778,3
2026-08-07,Site A,Breakfast,Friday,Hot,0,512,491,491,Vendor B,4,21,0,95.8984375,0.0,4
2026-08-07,Site A,Lunch,Friday,Hot,0,879,902,863,Vendor A,8,-23,39,102.61660978384528,4.323725055432372,4
2026-08-07,Site A,Dinner,Friday,Hot,0,722,684,684,Vendor B,8,38,0,94.73684210526315,0.0,4
2026-08-07,Site B,Breakfast,Friday,Hot,0,432,410,410,Vendor B,10,22,0,94.9074074074074,0.0,4
2026-08-07,Site B,Lunch,Friday,Hot,0,691,683,651,Vendor A,10,8,32,98.84225759768451,4.685212298682284,4
2026-08-07,Site B,Dinner,Friday,Hot,0,516,483,483,Vendor A,8,33,0,93.6046511627907,0.0,4
2026-08-07,Site C,Breakfast,Friday,Hot,0,588,569,569,Vendor A,6,19,0,96.7687074829932,0.0,4
2026-08-07,Site C,Lunch,Friday,Hot,0,946,949,932,Vendor A,6,-3,17,100.31712473572938,1.7913593256059008,4
2026-08-07,Site C,Dinner,Friday,Hot,0,830,709,709,Vendor A,11,121,0,85.42168674698796,0.0,4
2026-08-07,Site D,Breakfast,Friday,Hot,0,289,281,281,Vendor A,10,8,0,97.23183391003461,0.0,4
2026-08-07,Site D,Lunch,Friday,Hot,0,540,520,502,Vendor A,7,20,18,96.29629629629629,3.4615384615384617,4
2026-08-07,Site D,Dinner,Friday,Hot,0,470,443,443,Vendor B,7,27,0,94.25531914893617,0.0,4
2026-08-07,Site E,Breakfast,Friday,Hot,0,492,469,469,Vendor B,4,23,0,95.32520325203252,0.0,4
2026-08-07,Site E,Lunch,Friday,Hot,0,642,607,607,Vendor B,1,35,0,94.54828660436138,0.0,4
2026-08-07,Site E,Dinner,Friday,Hot,0,652,630,630,Vendor A,7,22,0,96.62576687116564,0.0,4
2026-08-08,Site A,Breakfast,Saturday,Normal,0,406,363,363,Vendor C,4,43,0,89.4088669950739,0.0,5
2026-08-08,Site A,Lunch,Saturday,Normal,0,662,627,627,Vendor B,8,35,0,94.7129909365559,0.0,5
2026-08-08,Site A,Dinner,Saturday,Normal,0,640,620,602,Vendor A,2,20,18,96.875,2.903225806451613,5
2026-08-08,Site B,Breakfast,Saturday,Normal,0,323,310,310,Vendor A,6,13,0,95.97523219814241,0.0,5
2026-08-08,Site B,Lunch,Saturday,Normal,0,520,502,502,Vendor A,9,18,0,96.53846153846153,0.0,5
2026-08-08,Site B,Dinner,Saturday,Normal,0,493,493,462,Vendor A,6,0,31,100.0,6.288032454361055,5
2026-08-08,Site C,Breakfast,Saturday,Normal,0,490,438,438,Vendor C,5,52,0,89.38775510204081,0.0,5
2026-08-08,Site C,Lunch,Saturday,Normal,0,816,795,737,Vendor A,9,21,58,97.42647058823529,7.29559748427673,5
2026-08-08,Site C,Dinner,Saturday,Normal,0,671,641,641,Vendor B,10,30,0,95.52906110283159,0.0,5
2026-08-08,Site D,Breakfast,Saturday,Normal,0,244,228,228,Vendor B,8,16,0,93.44262295081968,0.0,5
2026-08-08,Site D,Lunch,Saturday,Normal,0,352,333,333,Vendor A,4,19,0,94.60227272727273,0.0,5
2026-08-08,Site D,Dinner,Saturday,Normal,0,409,366,366,Vendor C,2,43,0,89.48655256723717,0.0,5
2026-08-08,Site E,Breakfast,Saturday,Normal,0,345,312,312,Vendor C,4,33,0,90.43478260869566,0.0,5
2026-08-08,Site E,Lunch,Saturday,Normal,0,550,517,517,Vendor B,3,33,0,94.0,0.0,5
2026-08-08,Site E,Dinner,Saturday,Normal,0,519,495,495,Vendor A,9,24,0,95.37572254335261,0.0,5
2026-08-09,Site A,Breakfast,Sunday,Normal,0,393,382,381,Vendor A,3,11,1,97.20101781170484,0.2617801047120419,6
2026-08-09,Site A,Lunch,Sunday,Normal,0,583,572,572,Vendor A,5,11,0,98.11320754716981,0.0,6
2026-08-09,Site A,Dinner,Sunday,Normal,0,507,501,487,Vendor A,7,6,14,98.81656804733728,2.7944111776447107,6
2026-08-09,Site B,Breakfast,Sunday,Normal,0,286,271,271,Vendor A,7,15,0,94.75524475524476,0.0,6
2026-08-09,Site B,Lunch,Sunday,Normal,0,455,452,447,Vendor A,15,3,5,99.34065934065934,1.1061946902654867,6
2026-08-09,Site B,Dinner,Sunday,Normal,0,410,346,341,Vendor A,61,64,5,84.39024390243902,1.4450867052023122,6
2026-08-09,Site C,Breakfast,Sunday,Normal,0,433,416,414,Vendor B,1,17,2,96.07390300230946,0.4807692307692308,6
2026-08-09,Site C,Lunch,Sunday,Normal,0,612,565,565,Vendor B,5,47,0,92.3202614379085,0.0,6
2026-08-09,Site C,Dinner,Sunday,Normal,0,599,542,542,Vendor C,8,57,0,90.48414023372288,0.0,6
2026-08-09,Site D,Breakfast,Sunday,Normal,0,207,198,198,Vendor A,1,9,0,95.65217391304348,0.0,6
2026-08-09,Site D,Lunch,Sunday,Normal,0,356,334,331,Vendor B,2,22,3,93.82022471910112,0.8982035928143712,6
2026-08-09,Site D,Dinner,Sunday,Normal,0,317,301,301,Vendor A,0,16,0,94.95268138801262,0.0,6
2026-08-09,Site E,Breakfast,Sunday,Normal,0,339,304,304,Vendor C,7,35,0,89.67551622418878,0.0,6
2026-08-09,Site E,Lunch,Sunday,Normal,0,522,454,454,Vendor A,19,68,0,86.97318007662835,0.0,6
2026-08-09,Site E,Dinner,Sunday,Normal,0,444,412,412,Vendor B,2,32,0,92.7927927927928,0.0,6
2026-08-10,Site A,Breakfast,Monday,Normal,0,488,427,427,Vendor C,9,61,0,87.5,0.0,0
2026-08-10,Site A,Lunch,Monday,Normal,0,757,708,708,Vendor C,9,49,0,93.52708058124173,0.0,0
2026-08-10,Site A,Dinner,Monday,Normal,0,668,620,620,Vendor B,7,48,0,92.81437125748504,0.0,0
2026-08-10,Site B,Breakfast,Monday,Normal,0,369,304,304,Vendor B,18,65,0,82.38482384823848,0.0,0
2026-08-10,Site B,Lunch,Monday,Normal,0,593,556,556,Vendor B,5,37,0,93.76053962900505,0.0,0
2026-08-10,Site B,Dinner,Monday,Normal,0,521,511,511,Vendor A,6,10,0,98.0806142034549,0.0,0
2026-08-10,Site C,Breakfast,Monday,Normal,0,538,514,514,Vendor A,8,24,0,95.53903345724906,0.0,0
2026-08-10,Site C,Lunch,Monday,Normal,0,892,861,861,Vendor A,1,31,0,96.52466367713004,0.0,0
2026-08-10,Site C,Dinner,Monday,Normal,0,880,818,818,Vendor C,9,62,0,92.95454545454545,0.0,0
2026-08-10,Site D,Breakfast,Monday,Normal,0,297,281,281,Vendor B,5,16,0,94.61279461279462,0.0,0
2026-08-10,Site D,Lunch,Monday,Normal,0,529,438,512,Vendor A,33,91,-74,82.79773156899812,-16.894977168949772,0
2026-08-10,Site D,Dinner,Monday,Normal,0,453,437,431,Vendor A,8,16,6,96.46799116997794,1.3729977116704806,0
2026-08-10,Site E,Breakfast,Monday,Normal,0,469,464,419,Vendor A,4,5,45,98.93390191897655,9.698275862068966,0
2026-08-10,Site E,Lunch,Monday,Normal,0,758,739,739,Vendor A,4,19,0,97.4934036939314,0.0,0
2026-08-10,Site E,Dinner,Monday,Normal,0,617,488,545,Vendor C,44,129,-57,79.09238249594813,-11.68032786885246,0
2026-08-11,Site A,Breakfast,Tuesday,Normal,0,504,462,462,Vendor B,13,42,0,91.66666666666666,0.0,1
2026-08-11,Site A,Lunch,Tuesday,Normal,0,827,791,791,Vendor B,9,36,0,95.64691656590084,0.0,1
2026-08-11,Site A,Dinner,Tuesday,Normal,0,704,649,649,Vendor C,3,55,0,92.1875,0.0,1
2026-08-11,Site B,Breakfast,Tuesday,Normal,0,374,357,357,Vendor A,4,17,0,95.45454545454545,0.0,1
2026-08-11,Site B,Lunch,Tuesday,Normal,0,593,571,571,Vendor A,4,22,0,96.29005059021922,0.0,1
2026-08-11,Site B,Dinner,Tuesday,Normal,0,579,552,552,Vendor A,4,27,0,95.33678756476684,0.0,1
2026-08-11,Site C,Breakfast,Tuesday,Normal,0,630,568,568,Vendor C,5,62,0,90.15873015873017,0.0,1
2026-08-11,Site C,Lunch,Tuesday,Normal,0,953,947,939,Vendor A,11,6,8,99.3704092339979,0.8447729672650475,1
2026-08-11,Site C,Dinner,Tuesday,Normal,0,830,830,794,Vendor A,8,0,36,100.0,4.337349397590361,1
2026-08-11,Site D,Breakfast,Tuesday,Normal,0,325,305,299,Vendor C,6,20,6,93.84615384615384,1.9672131147540985,1
2026-08-11,Site D,Lunch,Tuesday,Normal,0,449,431,431,Vendor A,8,18,0,95.99109131403118,0.0,1
2026-08-11,Site D,Dinner,Tuesday,Normal,0,416,403,403,Vendor A,15,13,0,96.875,0.0,1
2026-08-11,Site E,Breakfast,Tuesday,Normal,0,431,421,421,Vendor A,6,10,0,97.6798143851508,0.0,1
2026-08-11,Site E,Lunch,Tuesday,Normal,0,664,572,572,Vendor A,27,92,0,86.14457831325302,0.0,1
2026-08-11,Site E,Dinner,Tuesday,Normal,0,598,542,542,Vendor C,13,56,0,90.63545150501672,0.0,1
2026-08-12,Site A,Breakfast,Wednesday,Normal,0,492,480,480,Vendor A,10,12,0,97.5609756097561,0.0,2
2026-08-12,Site A,Lunch,Wednesday,Normal,0,850,777,777,Vendor C,4,73,0,91.41176470588235,0.0,2
2026-08-12,Site A,Dinner,Wednesday,Normal,0,733,696,696,Vendor B,7,37,0,94.95225102319236,0.0,2
2026-08-12,Site B,Breakfast,Wednesday,Normal,0,381,349,349,Vendor C,9,32,0,91.60104986876641,0.0,2
2026-08-12,Site B,Lunch,Wednesday,Normal,0,663,550,550,Vendor C,21,113,0,82.95625942684767,0.0,2
2026-08-12,Site B,Dinner,Wednesday,Normal,0,507,493,493,Vendor A,9,14,0,97.2386587771203,0.0,2
2026-08-12,Site C,Breakfast,Wednesday,Normal,0,591,556,556,Vendor B,5,35,0,94.07783417935703,0.0,2
2026-08-12,Site C,Lunch,Wednesday,Normal,0,1040,833,965,Vendor B,38,207,-132,80.09615384615385,-15.846338535414164,2
2026-08-12,Site C,Dinner,Wednesday,Normal,0,972,908,868,Vendor B,9,64,40,93.4156378600823,4.405286343612335,2
2026-08-12,Site D,Breakfast,Wednesday,Normal,0,305,298,298,Vendor A,6,7,0,97.70491803278688,0.0,2
2026-08-12,Site D,Lunch,Wednesday,Normal,0,481,365,365,Vendor C,18,116,0,75.88357588357589,0.0,2
2026-08-12,Site D,Dinner,Wednesday,Normal,0,429,415,415,Vendor A,10,14,0,96.73659673659674,0.0,2
2026-08-12,Site E,Breakfast,Wednesday,Normal,0,491,417,455,Vendor B,44,74,-38,84.928716904277,-9.112709832134293,2
2026-08-12,Site E,Lunch,Wednesday,Normal,0,718,701,701,Vendor A,10,17,0,97.63231197771589,0.0,2
2026-08-12,Site E,Dinner,Wednesday,Normal,0,657,527,527,Vendor C,17,130,0,80.2130898021309,0.0,2
2026-08-13,Site A,Breakfast,Thursday,Hot,0,470,463,463,Vendor A,10,7,0,98.51063829787235,0.0,3
2026-08-13,Site A,Lunch,Thursday,Hot,0,884,841,841,Vendor B,10,43,0,95.13574660633483,0.0,3
2026-08-13,Site A,Dinner,Thursday,Hot,0,771,759,757,Vendor A,9,12,2,98.44357976653697,0.2635046113306983,3
2026-08-13,Site B,Breakfast,Thursday,Hot,0,428,419,392,Vendor A,3,9,27,97.89719626168224,6.443914081145586,3
2026-08-13,Site B,Lunch,Thursday,Hot,0,602,591,583,Vendor A,7,11,8,98.17275747508306,1.353637901861252,3
2026-08-13,Site B,Dinner,Thursday,Hot,0,476,477,461,Vendor A,9,-1,16,100.21008403361344,3.3542976939203357,3
2026-08-13,Site C,Breakfast,Thursday,Hot,0,577,563,563,Vendor A,5,14,0,97.5736568457539,0.0,3
2026-08-13,Site C,Lunch,Thursday,Hot,0,893,866,856,Vendor A,5,27,10,96.976483762598,1.1547344110854503,3
2026-08-13,Site C,Dinner,Thursday,Hot,0,809,800,800,Vendor A,3,9,0,98.8875154511743,0.0,3
2026-08-13,Site D,Breakfast,Thursday,Hot,0,339,332,313,Vendor A,9,7,19,97.93510324483776,5.72289156626506,3
2026-08-13,Site D,Lunch,Thursday,Hot,0,489,466,466,Vendor B,6,23,0,95.29652351738241,0.0,3
2026-08-13,Site D,Dinner,Thursday,Hot,0,425,383,383,Vendor C,5,42,0,90.11764705882352,0.0,3
2026-08-13,Site E,Breakfast,Thursday,Hot,0,434,402,402,Vendor C,4,32,0,92.62672811059907,0.0,3
2026-08-13,Site E,Lunch,Thursday,Hot,0,773,720,686,Vendor B,8,53,34,93.14359637774902,4.722222222222222,3
2026-08-13,Site E,Dinner,Thursday,Hot,0,607,570,566,Vendor B,7,37,4,93.90444810543657,0.7017543859649122,3
2026-08-14,Site A,Breakfast,Friday,Normal,0,531,493,493,Vendor C,9,38,0,92.8436911487759,0.0,4
2026-08-14,Site A,Lunch,Friday,Normal,0,1010,925,910,Vendor C,6,85,15,91.58415841584159,1.6216216216216217,4
2026-08-14,Site A,Dinner,Friday,Normal,0,843,810,777,Vendor B,9,33,33,96.08540925266904,4.074074074074074,4
2026-08-14,Site B,Breakfast,Friday,Normal,0,432,420,418,Vendor A,5,12,2,97.22222222222221,0.4761904761904762,4
2026-08-14,Site B,Lunch,Friday,Normal,0,642,601,601,Vendor B,9,41,0,93.61370716510903,0.0,4
2026-08-14,Site B,Dinner,Friday,Normal,0,545,513,513,Vendor B,11,32,0,94.12844036697248,0.0,4
2026-08-14,Site C,Breakfast,Friday,Normal,0,589,538,538,Vendor B,7,51,0,91.34125636672326,0.0,4
2026-08-14,Site C,Lunch,Friday,Normal,0,1037,871,871,Vendor A,26,166,0,83.99228543876566,0.0,4
2026-08-14,Site C,Dinner,Friday,Normal,0,917,887,816,Vendor A,10,30,71,96.72846237731734,8.004509582863585,4
2026-08-14,Site D,Breakfast,Friday,Normal,0,332,303,303,Vendor B,10,29,0,91.26506024096386,0.0,4
2026-08-14,Site D,Lunch,Friday,Normal,0,512,497,497,Vendor A,12,15,0,97.0703125,0.0,4
2026-08-14,Site D,Dinner,Friday,Normal,0,461,414,414,Vendor C,12,47,0,89.80477223427332,0.0,4
2026-08-14,Site E,Breakfast,Friday,Normal,0,509,495,480,Vendor A,10,14,15,97.24950884086444,3.0303030303030303,4
2026-08-14,Site E,Lunch,Friday,Normal,0,726,712,712,Vendor A,1,14,0,98.07162534435263,0.0,4
2026-08-14,Site E,Dinner,Friday,Normal,0,707,687,687,Vendor A,8,20,0,97.17114568599717,0.0,4
2026-08-15,Site A,Breakfast,Saturday,Normal,0,391,383,383,Vendor A,3,8,0,97.9539641943734,0.0,5
2026-08-15,Site A,Lunch,Saturday,Normal,0,699,692,677,Vendor A,7,7,15,98.99856938483548,2.167630057803468,5
2026-08-15,Site A,Dinner,Saturday,Normal,0,587,572,572,Vendor A,4,15,0,97.44463373083475,0.0,5
2026-08-15,Site B,Breakfast,Saturday,Normal,0,324,305,305,Vendor B,1,19,0,94.1358024691358,0.0,5
2026-08-15,Site B,Lunch,Saturday,Normal,0,475,400,400,Vendor B,21,75,0,84.21052631578947,0.0,5
2026-08-15,Site B,Dinner,Saturday,Normal,0,415,391,391,Vendor B,7,24,0,94.21686746987952,0.0,5
2026-08-15,Site C,Breakfast,Saturday,Normal,0,492,472,472,Vendor A,4,20,0,95.9349593495935,0.0,5
2026-08-15,Site C,Lunch,Saturday,Normal,0,746,762,726,Vendor A,1,-16,36,102.14477211796248,4.724409448818897,5
2026-08-15,Site C,Dinner,Saturday,Normal,0,628,465,620,Vendor A,39,163,-155,74.04458598726114,-33.33333333333333,5
2026-08-15,Site D,Breakfast,Saturday,Normal,0,233,226,226,Vendor A,5,7,0,96.99570815450643,0.0,5
2026-08-15,Site D,Lunch,Saturday,Normal,0,395,374,374,Vendor B,3,21,0,94.68354430379748,0.0,5
2026-08-15,Site D,Dinner,Saturday,Normal,0,374,365,365,Vendor A,6,9,0,97.59358288770053,0.0,5
2026-08-15,Site E,Breakfast,Saturday,Normal,0,363,328,328,Vendor C,0,35,0,90.35812672176309,0.0,5
2026-08-15,Site E,Lunch,Saturday,Normal,0,572,489,489,Vendor B,23,83,0,85.4895104895105,0.0,5
2026-08-15,Site E,Dinner,Saturday,Normal,0,486,445,445,Vendor C,1,41,0,91.56378600823045,0.0,5
2026-08-16,Site A,Breakfast,Sunday,Rain,0,370,280,331,Vendor C,36,90,-51,75.67567567567568,-18.21428571428571,6
2026-08-16,Site A,Lunch,Sunday,Rain,0,677,654,617,Vendor A,4,23,37,96.602658788774,5.657492354740061,6
2026-08-16,Site A,Dinner,Sunday,Rain,0,475,456,456,Vendor A,3,19,0,96.0,0.0,6
2026-08-16,Site B,Breakfast,Sunday,Rain,0,271,267,267,Vendor A,11,4,0,98.5239852398524,0.0,6
2026-08-16,Site B,Lunch,Sunday,Rain,0,463,426,426,Vendor B,6,37,0,92.0086393088553,0.0,6
2026-08-16,Site B,Dinner,Sunday,Rain,0,393,383,383,Vendor A,9,10,0,97.45547073791349,0.0,6
2026-08-16,Site C,Breakfast,Sunday,Rain,0,403,368,368,Vendor C,6,35,0,91.3151364764268,0.0,6
2026-08-16,Site C,Lunch,Sunday,Rain,0,600,541,541,Vendor C,11,59,0,90.16666666666666,0.0,6
2026-08-16,Site C,Dinner,Sunday,Rain,0,617,588,588,Vendor B,7,29,0,95.2998379254457,0.0,6
2026-08-16,Site D,Breakfast,Sunday,Rain,0,228,209,209,Vendor B,7,19,0,91.66666666666666,0.0,6
2026-08-16,Site D,Lunch,Sunday,Rain,0,356,347,345,Vendor A,7,9,2,97.47191011235955,0.5763688760806917,6
2026-08-16,Site D,Dinner,Sunday,Rain,0,290,267,267,Vendor B,2,23,0,92.06896551724138,0.0,6
2026-08-16,Site E,Breakfast,Sunday,Rain,0,290,278,278,Vendor B,4,12,0,95.86206896551724,0.0,6
2026-08-16,Site E,Lunch,Sunday,Rain,0,544,508,508,Vendor A,10,36,0,93.38235294117648,0.0,6
2026-08-16,Site E,Dinner,Sunday,Rain,0,481,452,452,Vendor B,4,29,0,93.97089397089398,0.0,6
2026-08-17,Site A,Breakfast,Monday,Rain,0,483,452,452,Vendor B,10,31,0,93.58178053830227,0.0,0
2026-08-17,Site A,Lunch,Monday,Rain,0,807,701,701,Vendor A,27,106,0,86.86493184634449,0.0,0
2026-08-17,Site A,Dinner,Monday,Rain,0,621,575,575,Vendor B,7,46,0,92.5925925925926,0.0,0
2026-08-17,Site B,Breakfast,Monday,Rain,0,382,363,363,Vendor B,11,19,0,95.02617801047121,0.0,0
2026-08-17,Site B,Lunch,Monday,Rain,0,518,382,500,Vendor A,32,136,-118,73.74517374517374,-30.89005235602094,0
2026-08-17,Site B,Dinner,Monday,Rain,0,528,516,496,Vendor A,10,12,20,97.72727272727273,3.875968992248062,0
2026-08-17,Site C,Breakfast,Monday,Rain,0,547,545,519,Vendor A,2,2,26,99.6343692870201,4.770642201834862,0
2026-08-17,Site C,Lunch,Monday,Rain,0,926,908,877,Vendor A,9,18,31,98.0561555075594,3.4140969162995596,0
2026-08-17,Site C,Dinner,Monday,Rain,0,745,713,713,Vendor A,6,32,0,95.70469798657719,0.0,0
2026-08-17,Site D,Breakfast,Monday,Rain,0,286,232,266,Vendor C,49,54,-34,81.11888111888112,-14.655172413793101,0
2026-08-17,Site D,Lunch,Monday,Rain,0,411,403,403,Vendor A,9,8,0,98.05352798053528,0.0,0
2026-08-17,Site D,Dinner,Monday,Rain,0,425,380,380,Vendor C,5,45,0,89.41176470588236,0.0,0
2026-08-17,Site E,Breakfast,Monday,Rain,0,429,407,401,Vendor B,13,22,6,94.87179487179486,1.4742014742014742,0
2026-08-17,Site E,Lunch,Monday,Rain,0,634,570,570,Vendor C,9,64,0,89.90536277602523,0.0,0
2026-08-17,Site E,Dinner,Monday,Rain,0,554,548,548,Vendor A,7,6,0,98.91696750902527,0.0,0
2026-08-18,Site A,Breakfast,Tuesday,Normal,1,590,535,535,Vendor B,8,55,0,90.67796610169492,0.0,1
2026-08-18,Site A,Lunch,Tuesday,Normal,1,929,875,875,Vendor B,14,54,0,94.18729817007535,0.0,1
2026-08-18,Site A,Dinner,Tuesday,Normal,1,829,765,765,Vendor B,0,64,0,92.2798552472859,0.0,1
2026-08-18,Site B,Breakfast,Tuesday,Normal,1,462,424,424,Vendor B,6,38,0,91.77489177489177,0.0,1
2026-08-18,Site B,Lunch,Tuesday,Normal,1,679,652,652,Vendor B,7,27,0,96.02356406480118,0.0,1
2026-08-18,Site B,Dinner,Tuesday,Normal,1,555,507,507,Vendor C,5,48,0,91.35135135135135,0.0,1
2026-08-18,Site C,Breakfast,Tuesday,Normal,1,669,639,630,Vendor C,5,30,9,95.51569506726457,1.4084507042253522,1
2026-08-18,Site C,Lunch,Tuesday,Normal,1,982,898,898,Vendor C,1,84,0,91.44602851323829,0.0,1
2026-08-18,Site C,Dinner,Tuesday,Normal,1,846,824,824,Vendor B,4,22,0,97.39952718676122,0.0,1
2026-08-18,Site D,Breakfast,Tuesday,Normal,1,315,300,300,Vendor B,6,15,0,95.23809523809523,0.0,1
2026-08-18,Site D,Lunch,Tuesday,Normal,1,532,508,508,Vendor B,6,24,0,95.48872180451127,0.0,1
2026-08-18,Site D,Dinner,Tuesday,Normal,1,465,449,449,Vendor A,9,16,0,96.55913978494624,0.0,1
2026-08-18,Site E,Breakfast,Tuesday,Normal,1,529,522,507,Vendor A,4,7,15,98.67674858223062,2.8735632183908044,1
2026-08-18,Site E,Lunch,Tuesday,Normal,1,777,759,759,Vendor A,8,18,0,97.68339768339769,0.0,1
2026-08-18,Site E,Dinner,Tuesday,Normal,1,725,661,661,Vendor C,5,64,0,91.17241379310344,0.0,1
